Sample_ID,Sample_type,Site,Sample_date,Extraction_date,Julian_day,Month,Season,Depth,Latitude,Longitude,Shoot_Length,Leaf_Width,No_Leaves,Dataset,Dataset_short,Dislodgment_method,Area,Country,Sample_name_16S,Sample_name_18S,E,N,NE,NW,S,SE,SW,W,Sheltered.Index,Sea.Surface.Temperature,Orbital_Velocity_Mean,Orbital_Velocity_Max,Salinity,Bathymetry,LibrarySize_18S,Richness_18S,Shannon_18S,DNA_Concentration
K_RQ2_SGO_t4_1,old_leaf,Kiel,2022-05-25,24.08.2022,145,May,Spring,NA,54.349,10.15,40.9,3.5,3,Seastore_Project,SP,whole_leaf,Kiel Bay,Germany,515F-806R-P01-C12-SeaStore-Seq01-2022-2-K-D-SGO-t4-3,1183F-1443R-P01-C12-SeaStore-Seq01-2022-2-K-D-SGO-t4-3,0.924960071,0.8810951465,0.3596256018,0.9982019981,0.9887990946,0.9722177475,1,1,8,NA,2.18E-06,5.10E-05,13.86539173,-3.64,5006,18,0.9109530659,1.56
K_RQ1_SGO_t4_1,old_leaf,Kiel,2022-05-25,24.08.2022,145,May,Spring,NA,54.349,10.15,36,4,5,Seastore_Project,SP,whole_leaf,Kiel Bay,Germany,515F-806R-P01-E11-SeaStore-Seq01-2022-2-M-RQ4-SGO-t4-3,1183F-1443R-P01-E11-SeaStore-Seq01-2022-2-M-RQ4-SGO-t4-3,0.924960071,0.8810951465,0.3596256018,0.9982019981,0.9887990946,0.9722177475,1,1,8,NA,2.18E-06,5.10E-05,13.86539173,-3.64,76652,24,1.356033801,6.79
K_D_SGO_t4_1,old_leaf,Kiel,2022-05-26,24.08.2022,146,May,Spring,NA,54.346,10.154,35.7,5,4,Seastore_Project,SP,whole_leaf,Kiel Bay,Germany,515F-806R-P01-G10-SeaStore-Seq01-2022-2-M-RQ3-SGO-t4-2,1183F-1443R-P01-G10-SeaStore-Seq01-2022-2-M-RQ3-SGO-t4-2,0.9486099468,0.8552587941,0.373863805,0.9949431349,0.9852850089,0.9802549501,0.9990751514,1,8,NA,7.04E-06,4.29E-04,13.86539173,-3.64,18741,27,1.941750706,6.14
K_D_SGO_t4_2,old_leaf,Kiel,2022-05-26,21.09.2022,146,May,Spring,NA,54.346,10.154,23.6,3.5,4,Seastore_Project,SP,whole_leaf,Kiel Bay,Germany,515F-806R-P01-H10-SeaStore-Seq01-2022-2-M-RQ3-SGO-t4-3,1183F-1443R-P01-H10-SeaStore-Seq01-2022-2-M-RQ3-SGO-t4-3,0.9486099468,0.8552587941,0.373863805,0.9949431349,0.9852850089,0.9802549501,0.9990751514,1,8,NA,7.04E-06,4.29E-04,13.86539173,-3.64,21572,46,2.275951638,3.45
L_11_SGO_b,old_leaf,GEOMAR_Lab,2021-10-01,16.12.2021,274,October,Autumn,NA,NA,NA,71,4,4,Seastore_Project,SP,whole_leaf,Lab,Germany,515F-806R-P02-B11-SeaStore-Seq02-2022-2-KR2-water-in,1183F-1443R-P02-B11-SeaStore-Seq02-2022-2-KR2-water-in,NA,NA,NA,NA,NA,NA,NA,NA,NA,NA,NA,NA,NA,NA,31305,143,3.768813055,14.3
K_RQ4_SGO_t4_1,old_leaf,Kiel,2022-05-25,24.08.2022,145,May,Spring,NA,54.349,10.15,34.4,5,4,Seastore_Project,SP,whole_leaf,Kiel Bay,Germany,515F-806R-P02-C06-SeaStore-Seq02-2022-2-K-RQ2-SGO-t4-2,1183F-1443R-P02-C06-SeaStore-Seq02-2022-2-K-RQ2-SGO-t4-2,0.924960071,0.8810951465,0.3596256018,0.9982019981,0.9887990946,0.9722177475,1,1,8,NA,2.18E-06,5.10E-05,13.86539173,-3.64,4656,7,0.5952920777,0.65
K_RQ4_SGO_t4_2,old_leaf,Kiel,2022-05-25,21.09.2022,145,May,Spring,NA,54.349,10.15,38,5,4,Seastore_Project,SP,whole_leaf,Kiel Bay,Germany,515F-806R-P02-D06-SeaStore-Seq02-2022-2-K-RQ2-SGO-t4-3,1183F-1443R-P02-D06-SeaStore-Seq02-2022-2-K-RQ2-SGO-t4-3,0.924960071,0.8810951465,0.3596256018,0.9982019981,0.9887990946,0.9722177475,1,1,8,NA,2.18E-06,5.10E-05,13.86539173,-3.64,2410,9,0.8432029179,1.91
L_11_SGO_r,old_leaf,GEOMAR_Lab,2021-10-01,16.12.2021,274,October,Autumn,NA,NA,NA,78,4,3,Seastore_Project,SP,whole_leaf,Lab,Germany,515F-806R-P02-D11-SeaStore-Seq02-2022-2-SGO-Kos,1183F-1443R-P02-D11-SeaStore-Seq02-2022-2-SGO-Kos,NA,NA,NA,NA,NA,NA,NA,NA,NA,NA,NA,NA,NA,NA,8739,57,2.669722452,20.2
K_RQ3_SGO_t4_1,old_leaf,Kiel,2022-05-25,24.08.2022,145,May,Spring,NA,54.349,10.15,29.2,4,4,Seastore_Project,SP,whole_leaf,Kiel Bay,Germany,515F-806R-P02-E05-SeaStore-Seq02-2022-2-K-RQ1-SGO-t4-2,1183F-1443R-P02-E05-SeaStore-Seq02-2022-2-K-RQ1-SGO-t4-2,0.924960071,0.8810951465,0.3596256018,0.9982019981,0.9887990946,0.9722177475,1,1,8,NA,2.18E-06,5.10E-05,13.86539173,-3.64,18553,14,0.6621714834,4.36
M_N_SGO_t0_3,old_leaf,Maasholm,2021-06-10,15.12.2021,161,June,Summer,NA,54.687,10.007,20.5,3.5,3,Seastore_Project,SP,whole_leaf,Kiel Bay,Germany,515F-806R-P02-E12-SeaStore-Seq02-2022-2-M-RQ3-SGO-t4-1,1183F-1443R-P02-E12-SeaStore-Seq02-2022-2-M-RQ3-SGO-t4-1,0,0.0208602738,0.001887815768,0.7736870256,0.8239476887,0.07844843815,0.9893686468,0.8583808343,6,13.50905609,Inf,Inf,21.46413422,0,34946,24,1.234954476,9.38
K_RQ3_SGO_t4_2,old_leaf,Kiel,2022-05-25,21.09.2022,145,May,Spring,NA,54.349,10.15,47,4,4,Seastore_Project,SP,whole_leaf,Kiel Bay,Germany,515F-806R-P02-F05-SeaStore-Seq02-2022-2-K-RQ1-SGO-t4-3,1183F-1443R-P02-F05-SeaStore-Seq02-2022-2-K-RQ1-SGO-t4-3,0.924960071,0.8810951465,0.3596256018,0.9982019981,0.9887990946,0.9722177475,1,1,8,NA,2.18E-06,5.10E-05,13.86539173,-3.64,9898,16,1.067552684,3.19
M_N_SGO_t0_2,old_leaf,Maasholm,2021-06-10,26.11.2021,161,June,Summer,NA,54.687,10.007,21.2,3,7,Seastore_Project,SP,whole_leaf,Kiel Bay,Germany,515F-806R-P02-F11-SeaStore-Seq02-2022-2-water-in-Kos,1183F-1443R-P02-F11-SeaStore-Seq02-2022-2-water-in-Kos,0,0.0208602738,0.001887815768,0.7736870256,0.8239476887,0.07844843815,0.9893686468,0.8583808343,6,13.50905609,Inf,Inf,21.46413422,0,43497,151,3.228131036,2.27
KR2_SGO_3,old_leaf,Koster,2021-08-10,18.11.2022,222,August,Summer,NA,58.883,11.005,31.2,6.3,5,Seastore_Project,SP,whole_leaf,Kosterfjord,Sweden,515F-806R-P03-D04-SeaStore-Seq03-2022-2-ASD-SGO-1,1183F-1443R-P03-D04-SeaStore-Seq03-2022-2-ASD-SGO-1,0.005264161028,0,0.06312000291,0,0,0,0,0,1,19.41951269,Inf,Inf,34.83201981,0,43160,15,0.3906790983,24.2
GR19_SGO_2,old_leaf,Gasö,2021-07-27,NA,208,July,Summer,NA,58.231,11.398,69,4.5,6,Seastore_Project,SP,whole_leaf,Gasöfjord,Sweden,515F-806R-P03-H11-SeaStore-Seq03-2022-2-SGO-Kos,1183F-1443R-P03-H11-SeaStore-Seq03-2022-2-SGO-Kos,0.3033549403,0.3750089868,0.4951985825,0.001713457289,0.1468052015,0.6594236105,0,0,5,20.51777122,0.1022027249,0.744295368,34.69461823,-2.55,183541,36,0.8781474836,18.7
G_D_SGO_t0_1,old_leaf,Gelting,2022-05-11,24.08.2022,131,May,Spring,NA,54.767,9.877,NA,3,4,Seastore_Project,SP,whole_leaf,Kiel Bay,Germany,515F-806R-P01-A07-K-RQ1-SGR-t5-2,1183F-1443R-P01-A07-K-RQ1-SGR-t5-2,0.3758405423,0,0.04060224616,0,0.9998640278,0.8520116648,0.9992209203,0.6779932079,6,10.90079722,5.30E-06,0.001586354497,19.05716705,-4.09,33672,13,0.3631363984,4.86
M_RQ4_SGO_t5_3,old_leaf,Maasholm,2023-05-24,10.08.2023,144,May,Spring,NA,54.687,10.007,NA,3,4,Seastore_Project,SP,whole_leaf,Kiel Bay,Germany,515F-806R-P01-C06-M-RQ4-SGR-t5-1,1183F-1443R-P01-C06-M-RQ4-SGR-t5-1,0,0.0208602738,0.001887815768,0.7736870256,0.8239476887,0.07844843815,0.9893686468,0.8583808343,6,11.33843114,Inf,Inf,16.37156105,0,24608,33,1.072485415,12.3
K_RQ4_SGO_t5_1,old_leaf,Kiel,2023-05-23,08.08.2023,143,May,Spring,NA,54.349,10.15,NA,8,4,Seastore_Project,SP,whole_leaf,Kiel Bay,Germany,515F-806R-P01-F08-K-RQ3-SGR-t5-2,1183F-1443R-P01-F08-K-RQ3-SGR-t5-2,0.924960071,0.8810951465,0.3596256018,0.9982019981,0.9887990946,0.9722177475,1,1,8,NA,3.08E-06,4.87E-05,14.94716454,-3.64,7557,59,2.718526837,14.1
G_D_SGO_t4_1,old_leaf,Gelting,2023-06-20,08.08.2023,171,June,Summer,NA,54.767,9.877,NA,4.5,6,Seastore_Project,SP,whole_leaf,Kiel Bay,Germany,515F-806R-P01-H09-SGR-10-Sli,1183F-1443R-P01-H09-SGR-10-Sli,0.3758405423,0,0.04060224616,0,0.9998640278,0.8520116648,0.9992209203,0.6779932079,6,17.19660065,0.001724405328,0.08903993231,19.55888939,-4.09,24803,76,2.817717142,12.7
K_D_SGO_t0_1,old_leaf,Kiel,2021-05-31,28.07.2021,151,May,Spring,NA,54.346,10.154,25.1,4.5,6,Seastore_Project,SP,whole_leaf,Kiel Bay,Germany,515F-806R-P01-A01-SeaStore-Seq01-2022-K-D-SGO-t0-1,1183F-1443R-P01-A01-SeaStore-Seq01-2022-K-D-SGO-t0-1,0.9486099468,0.8552587941,0.373863805,0.9949431349,0.9852850089,0.9802549501,0.9990751514,1,8,NA,8.01E-06,3.82E-04,17.3962841,-3.64,26714,32,1.553765543,11
K_D_SGO_t1_3,old_leaf,Kiel,2021-07-06,26.11.2021,187,July,Summer,NA,54.346,10.154,48.7,4,3,Seastore_Project,SP,whole_leaf,Kiel Bay,Germany,515F-806R-P01-A02-SeaStore-Seq01-2022-K-D-SGO-t1-3,1183F-1443R-P01-A02-SeaStore-Seq01-2022-K-D-SGO-t1-3,0.9486099468,0.8552587941,0.373863805,0.9949431349,0.9852850089,0.9802549501,0.9990751514,1,8,NA,1.17E-05,0.001480895281,13.03527451,-3.64,10879,15,1.603687778,10.9
K_RQ3_SGO_t1_1,old_leaf,Kiel,2021-07-07,25.11.2021,188,July,Summer,NA,54.349,10.15,23,2,4,Seastore_Project,SP,whole_leaf,Kiel Bay,Germany,515F-806R-P01-A04-SeaStore-Seq01-2022-K-RQ3-SGO-t1-1,1183F-1443R-P01-A04-SeaStore-Seq01-2022-K-RQ3-SGO-t1-1,0.924960071,0.8810951465,0.3596256018,0.9982019981,0.9887990946,0.9722177475,1,1,8,NA,7.25E-07,5.41E-05,14.44174767,-3.64,27054,20,2.070064246,3.05
K_RQ4_SGO_t1_3,old_leaf,Kiel,2021-07-07,16.12.2021,188,July,Summer,NA,54.349,10.15,21.5,4,7,Seastore_Project,SP,whole_leaf,Kiel Bay,Germany,515F-806R-P01-A05-SeaStore-Seq01-2022-K-RQ4-SGO-t1-3,1183F-1443R-P01-A05-SeaStore-Seq01-2022-K-RQ4-SGO-t1-3,0.924960071,0.8810951465,0.3596256018,0.9982019981,0.9887990946,0.9722177475,1,1,8,NA,7.25E-07,5.41E-05,14.44174767,-3.64,85561,4,0.03564067021,64
K_D_SGO_t0_2,old_leaf,Kiel,2021-05-31,25.11.2021,151,May,Spring,NA,54.346,10.154,17,3,4,Seastore_Project,SP,whole_leaf,Kiel Bay,Germany,515F-806R-P01-B01-SeaStore-Seq01-2022-K-D-SGO-t0-2,1183F-1443R-P01-B01-SeaStore-Seq01-2022-K-D-SGO-t0-2,0.9486099468,0.8552587941,0.373863805,0.9949431349,0.9852850089,0.9802549501,0.9990751514,1,8,NA,8.01E-06,3.82E-04,17.3962841,-3.64,54938,12,0.6412777466,11.7
K_RQ3_SGO_t1_2,old_leaf,Kiel,2021-07-07,28.07.2021,188,July,Summer,NA,54.349,10.15,9.2,2,3,Seastore_Project,SP,whole_leaf,Kiel Bay,Germany,515F-806R-P01-B04-SeaStore-Seq01-2022-K-RQ3-SGO-t1-2,1183F-1443R-P01-B04-SeaStore-Seq01-2022-K-RQ3-SGO-t1-2,0.924960071,0.8810951465,0.3596256018,0.9982019981,0.9887990946,0.9722177475,1,1,8,NA,7.25E-07,5.41E-05,14.44174767,-3.64,7977,23,1.598822386,0.645
K_D_SGO_t0_3,old_leaf,Kiel,2021-05-31,01.12.2021,151,May,Spring,NA,54.346,10.154,18.6,4,4,Seastore_Project,SP,whole_leaf,Kiel Bay,Germany,515F-806R-P01-C01-SeaStore-Seq01-2022-K-D-SGO-t0-3,1183F-1443R-P01-C01-SeaStore-Seq01-2022-K-D-SGO-t0-3,0.9486099468,0.8552587941,0.373863805,0.9949431349,0.9852850089,0.9802549501,0.9990751514,1,8,NA,8.01E-06,3.82E-04,17.3962841,-3.64,50322,13,0.4500783228,22
K_RQ2_SGO_t1_1,old_leaf,Kiel,2021-07-07,25.11.2021,188,July,Summer,NA,54.349,10.15,14.4,2.5,4,Seastore_Project,SP,whole_leaf,Kiel Bay,Germany,515F-806R-P01-C03-SeaStore-Seq01-2022-K-RQ2-SGO-t1-1,1183F-1443R-P01-C03-SeaStore-Seq01-2022-K-RQ2-SGO-t1-1,0.924960071,0.8810951465,0.3596256018,0.9982019981,0.9887990946,0.9722177475,1,1,8,NA,7.25E-07,5.41E-05,14.44174767,-3.64,47751,12,0.2470738691,6.84
K_RQ3_SGO_t1_3,old_leaf,Kiel,2021-07-07,16.12.2021,188,July,Summer,NA,54.349,10.15,19.5,4,4,Seastore_Project,SP,whole_leaf,Kiel Bay,Germany,515F-806R-P01-C04-SeaStore-Seq01-2022-K-RQ3-SGO-t1-3,1183F-1443R-P01-C04-SeaStore-Seq01-2022-K-RQ3-SGO-t1-3,0.924960071,0.8810951465,0.3596256018,0.9982019981,0.9887990946,0.9722177475,1,1,8,NA,7.25E-07,5.41E-05,14.44174767,-3.64,42282,6,0.1574020995,47.6
M_RQ4_SGO_t1_1,old_leaf,Maasholm,2021-07-05,28.07.2021,186,July,Summer,NA,54.687,10.007,14.8,2.5,4,Seastore_Project,SP,whole_leaf,Kiel Bay,Germany,515F-806R-P01-C06-SeaStore-Seq01-2022-M-RQ4-SGO-t1-1,1183F-1443R-P01-C06-SeaStore-Seq01-2022-M-RQ4-SGO-t1-1,0,0.0208602738,0.001887815768,0.7736870256,0.8239476887,0.07844843815,0.9893686468,0.8583808343,6,19.08343097,Inf,Inf,21.57461166,0,8223,16,1.7417719,2.5
K_RQ2_SGO_t1_2,old_leaf,Kiel,2021-07-07,15.12.2021,188,July,Summer,NA,54.349,10.15,11.5,2,4,Seastore_Project,SP,whole_leaf,Kiel Bay,Germany,515F-806R-P01-D03-SeaStore-Seq01-2022-K-RQ2-SGO-t1-2,1183F-1443R-P01-D03-SeaStore-Seq01-2022-K-RQ2-SGO-t1-2,0.924960071,0.8810951465,0.3596256018,0.9982019981,0.9887990946,0.9722177475,1,1,8,NA,7.25E-07,5.41E-05,14.44174767,-3.64,33124,14,1.050104936,3.92
M_RQ4_SGO_t1_2,old_leaf,Maasholm,2021-07-05,06.12.2021,186,July,Summer,NA,54.687,10.007,14.6,3,3,Seastore_Project,SP,whole_leaf,Kiel Bay,Germany,515F-806R-P01-D06-SeaStore-Seq01-2022-M-RQ4-SGO-t1-2,1183F-1443R-P01-D06-SeaStore-Seq01-2022-M-RQ4-SGO-t1-2,0,0.0208602738,0.001887815768,0.7736870256,0.8239476887,0.07844843815,0.9893686468,0.8583808343,6,19.08343097,Inf,Inf,21.57461166,0,16752,12,0.5843403682,2.24
K_RQ1_SGO_t1_1,old_leaf,Kiel,2021-07-07,25.11.2021,188,July,Summer,NA,54.349,10.15,20,3,6,Seastore_Project,SP,whole_leaf,Kiel Bay,Germany,515F-806R-P01-E02-SeaStore-Seq01-2022-K-RQ1-SGO-t1-1,1183F-1443R-P01-E02-SeaStore-Seq01-2022-K-RQ1-SGO-t1-1,0.924960071,0.8810951465,0.3596256018,0.9982019981,0.9887990946,0.9722177475,1,1,8,NA,7.25E-07,5.41E-05,14.44174767,-3.64,76808,8,0.302008623,13
K_RQ2_SGO_t1_3,old_leaf,Kiel,2021-07-07,26.08.2021,188,July,Summer,NA,54.349,10.15,14.3,3,5,Seastore_Project,SP,whole_leaf,Kiel Bay,Germany,515F-806R-P01-E03-SeaStore-Seq01-2022-K-RQ2-SGO-t1-3,1183F-1443R-P01-E03-SeaStore-Seq01-2022-K-RQ2-SGO-t1-3,0.924960071,0.8810951465,0.3596256018,0.9982019981,0.9887990946,0.9722177475,1,1,8,NA,7.25E-07,5.41E-05,14.44174767,-3.64,52340,7,0.4372933943,53
M_RQ3_SGO_t1_1,old_leaf,Maasholm,2021-07-05,25.11.2021,186,July,Summer,NA,54.687,10.007,7.4,2,4,Seastore_Project,SP,whole_leaf,Kiel Bay,Germany,515F-806R-P01-E05-SeaStore-Seq01-2022-M-RQ3-SGO-t1-1,1183F-1443R-P01-E05-SeaStore-Seq01-2022-M-RQ3-SGO-t1-1,0,0.0208602738,0.001887815768,0.7736870256,0.8239476887,0.07844843815,0.9893686468,0.8583808343,6,19.08343097,Inf,Inf,21.57461166,0,15794,32,1.53011436,1.15
K_RQ1_SGO_t1_2,old_leaf,Kiel,2021-07-07,06.12.2021,188,July,Summer,NA,54.349,10.15,14.7,2,5,Seastore_Project,SP,whole_leaf,Kiel Bay,Germany,515F-806R-P01-F02-SeaStore-Seq01-2022-K-RQ1-SGO-t1-2,1183F-1443R-P01-F02-SeaStore-Seq01-2022-K-RQ1-SGO-t1-2,0.924960071,0.8810951465,0.3596256018,0.9982019981,0.9887990946,0.9722177475,1,1,8,NA,7.25E-07,5.41E-05,14.44174767,-3.64,4958,16,1.552244845,0.465
M_RQ3_SGO_t1_2,old_leaf,Maasholm,2021-07-05,25.11.2021,186,July,Summer,NA,54.687,10.007,9.9,2,4,Seastore_Project,SP,whole_leaf,Kiel Bay,Germany,515F-806R-P01-F05-SeaStore-Seq01-2022-M-RQ3-SGO-t1-2,1183F-1443R-P01-F05-SeaStore-Seq01-2022-M-RQ3-SGO-t1-2,0,0.0208602738,0.001887815768,0.7736870256,0.8239476887,0.07844843815,0.9893686468,0.8583808343,6,19.08343097,Inf,Inf,21.57461166,0,8614,31,2.137647971,0.553
K_D_SGO_t1_1,old_leaf,Kiel,2021-07-06,10.08.2021,187,July,Summer,NA,54.346,10.154,35,3,4,Seastore_Project,SP,whole_leaf,Kiel Bay,Germany,515F-806R-P01-G01-SeaStore-Seq01-2022-K-D-SGO-t1-1,1183F-1443R-P01-G01-SeaStore-Seq01-2022-K-D-SGO-t1-1,0.9486099468,0.8552587941,0.373863805,0.9949431349,0.9852850089,0.9802549501,0.9990751514,1,8,NA,1.17E-05,0.001480895281,13.03527451,-3.64,19350,16,1.421191351,12.1
K_RQ1_SGO_t1_3,old_leaf,Kiel,2021-07-07,28.07.2021,188,July,Summer,NA,54.349,10.15,12.5,2.5,5,Seastore_Project,SP,whole_leaf,Kiel Bay,Germany,515F-806R-P01-G02-SeaStore-Seq01-2022-K-RQ1-SGO-t1-3,1183F-1443R-P01-G02-SeaStore-Seq01-2022-K-RQ1-SGO-t1-3,0.924960071,0.8810951465,0.3596256018,0.9982019981,0.9887990946,0.9722177475,1,1,8,NA,7.25E-07,5.41E-05,14.44174767,-3.64,39021,12,0.2309347687,4.6
K_RQ4_SGO_t1_1,old_leaf,Kiel,2021-07-07,26.08.2021,188,July,Summer,NA,54.349,10.15,15.3,2,5,Seastore_Project,SP,whole_leaf,Kiel Bay,Germany,515F-806R-P01-G04-SeaStore-Seq01-2022-K-RQ4-SGO-t1-1,1183F-1443R-P01-G04-SeaStore-Seq01-2022-K-RQ4-SGO-t1-1,0.924960071,0.8810951465,0.3596256018,0.9982019981,0.9887990946,0.9722177475,1,1,8,NA,7.25E-07,5.41E-05,14.44174767,-3.64,71720,8,0.1727926684,19.6
M_RQ3_SGO_t1_3,old_leaf,Maasholm,2021-07-05,28.07.2021,186,July,Summer,NA,54.687,10.007,NA,2,3,Seastore_Project,SP,whole_leaf,Kiel Bay,Germany,515F-806R-P01-G05-SeaStore-Seq01-2022-M-RQ3-SGO-t1-3,1183F-1443R-P01-G05-SeaStore-Seq01-2022-M-RQ3-SGO-t1-3,0,0.0208602738,0.001887815768,0.7736870256,0.8239476887,0.07844843815,0.9893686468,0.8583808343,6,19.08343097,Inf,Inf,21.57461166,0,12745,24,1.315243267,0.895
K_D_SGO_t1_2,old_leaf,Kiel,2021-07-06,25.11.2021,187,July,Summer,NA,54.346,10.154,42.5,4,3,Seastore_Project,SP,whole_leaf,Kiel Bay,Germany,515F-806R-P01-H01-SeaStore-Seq01-2022-K-D-SGO-t1-2,1183F-1443R-P01-H01-SeaStore-Seq01-2022-K-D-SGO-t1-2,0.9486099468,0.8552587941,0.373863805,0.9949431349,0.9852850089,0.9802549501,0.9990751514,1,8,NA,1.17E-05,0.001480895281,13.03527451,-3.64,34407,21,1.668697578,2.24
K_RQ4_SGO_t1_2,old_leaf,Kiel,2021-07-07,15.12.2021,188,July,Summer,NA,54.349,10.15,18.5,4,6,Seastore_Project,SP,whole_leaf,Kiel Bay,Germany,515F-806R-P01-H04-SeaStore-Seq01-2022-K-RQ4-SGO-t1-2,1183F-1443R-P01-H04-SeaStore-Seq01-2022-K-RQ4-SGO-t1-2,0.924960071,0.8810951465,0.3596256018,0.9982019981,0.9887990946,0.9722177475,1,1,8,NA,7.25E-07,5.41E-05,14.44174767,-3.64,19046,8,0.3521323186,2.68
M_RQ3_SGO_t2_3,old_leaf,Maasholm,2021-08-02,10.08.2021,214,August,Summer,NA,54.687,10.007,13.7,2,4,Seastore_Project,SP,whole_leaf,Kiel Bay,Germany,515F-806R-P02-A04-SeaStore-Seq02-2022-M-RQ3-SGO-t3-1,1183F-1443R-P02-A04-SeaStore-Seq02-2022-M-RQ3-SGO-t3-1,0,0.0208602738,0.001887815768,0.7736870256,0.8239476887,0.07844843815,0.9893686468,0.8583808343,6,20.07280595,Inf,Inf,22.44997215,0,34989,29,1.713287706,5.53
M_RQ4_SGO_t3_3,old_leaf,Maasholm,2021-09-23,03.12.2021,266,September,Autumn,NA,54.687,10.007,22,3,3,Seastore_Project,SP,whole_leaf,Kiel Bay,Germany,515F-806R-P02-A07-SeaStore-Seq02-2022-K-D-SGO-t3-3,1183F-1443R-P02-A07-SeaStore-Seq02-2022-K-D-SGO-t3-3,0,0.0208602738,0.001887815768,0.7736870256,0.8239476887,0.07844843815,0.9893686468,0.8583808343,6,16.89343102,Inf,Inf,21.70870209,0,1812,15,1.856245217,1.83
K_D_SGO_t3_3,old_leaf,Kiel,2021-09-28,01.12.2021,271,September,Autumn,NA,54.346,10.154,52.7,3,2,Seastore_Project,SP,whole_leaf,Kiel Bay,Germany,515F-806R-P02-A09-SeaStore-Seq02-2022-K-RQ3-SGO-t3-1,1183F-1443R-P02-A09-SeaStore-Seq02-2022-K-RQ3-SGO-t3-1,0.9486099468,0.8552587941,0.373863805,0.9949431349,0.9852850089,0.9802549501,0.9990751514,1,8,NA,2.94E-05,0.001935417354,14.06503677,-3.64,9255,11,0.8047288358,4.18
SGO_1_Kos,old_leaf,Koster,2021-06-30,08.11.2022,181,June,Summer,2.5,58.883,10.992,NA,9,8,Seastore_Project,SP,whole_leaf,Kosterfjord,Sweden,515F-806R-P02-C04-SeaStore-Seq02-2022-M-RQ3-SGO-t3-3,1183F-1443R-P02-C04-SeaStore-Seq02-2022-M-RQ3-SGO-t3-3,9.28E-04,0,0.02058861509,0,0,0,0,0,1,15.95917623,Inf,Inf,34.83843994,0,36784,18,0.7726096531,6.82
M_RQ4_SGO_t3_1,old_leaf,Maasholm,2021-09-23,18.11.2021,266,September,Autumn,NA,54.687,10.007,21.5,2,4,Seastore_Project,SP,whole_leaf,Kiel Bay,Germany,515F-806R-P02-G06-SeaStore-Seq02-2022-K-D-SGO-t3-1,1183F-1443R-P02-G06-SeaStore-Seq02-2022-K-D-SGO-t3-1,0,0.0208602738,0.001887815768,0.7736870256,0.8239476887,0.07844843815,0.9893686468,0.8583808343,6,16.89343102,Inf,Inf,21.70870209,0,3112,25,1.938145091,0.796
K_RQ1_SGO_t3_3,old_leaf,Kiel,2021-09-29,03.12.2021,272,September,Autumn,NA,54.349,10.15,38,5,3,Seastore_Project,SP,whole_leaf,Kiel Bay,Germany,515F-806R-P02-G09-SeaStore-Seq02-2022-K-RQ4-SGO-t3-1,1183F-1443R-P02-G09-SeaStore-Seq02-2022-K-RQ4-SGO-t3-1,0.924960071,0.8810951465,0.3596256018,0.9982019981,0.9887990946,0.9722177475,1,1,8,NA,7.38E-06,3.30E-04,14.06503677,-3.64,10956,17,0.8654379662,2.44
M_RQ4_SGO_t3_2,old_leaf,Maasholm,2021-09-23,25.11.2021,266,September,Autumn,NA,54.687,10.007,22.2,2,3,Seastore_Project,SP,whole_leaf,Kiel Bay,Germany,515F-806R-P02-H06-SeaStore-Seq02-2022-K-D-SGO-t3-2,1183F-1443R-P02-H06-SeaStore-Seq02-2022-K-D-SGO-t3-2,0,0.0208602738,0.001887815768,0.7736870256,0.8239476887,0.07844843815,0.9893686468,0.8583808343,6,16.89343102,Inf,Inf,21.70870209,0,13571,15,1.28567079,0.97
K_RQ2_SGO_t4_2,old_leaf,Kiel,2022-05-25,21.09.2022,145,May,Spring,NA,54.349,10.15,24.2,3,4,Seastore_Project,SP,whole_leaf,Kiel Bay,Germany,515F-806R-P01-D12-SeaStore-Seq01-2022-2-K-D-SGR-t4-1,1183F-1443R-P01-D12-SeaStore-Seq01-2022-2-K-D-SGR-t4-1,0.924960071,0.8810951465,0.3596256018,0.9982019981,0.9887990946,0.9722177475,1,1,8,NA,2.18E-06,5.10E-05,13.86539173,-3.64,5430,21,1.75792837,2.24
K_RQ2_SGO_t4_3,old_leaf,Kiel,2022-05-25,12.10.2022,145,May,Spring,NA,54.349,10.15,29.4,3,4,Seastore_Project,SP,whole_leaf,Kiel Bay,Germany,515F-806R-P01-E12-SeaStore-Seq01-2022-2-K-D-SGR-t4-2,1183F-1443R-P01-E12-SeaStore-Seq01-2022-2-K-D-SGR-t4-2,0.924960071,0.8810951465,0.3596256018,0.9982019981,0.9887990946,0.9722177475,1,1,8,NA,2.18E-06,5.10E-05,13.86539173,-3.64,3296,30,2.034889135,0.664
K_RQ1_SGO_t4_3,old_leaf,Kiel,2022-05-25,12.10.2022,145,May,Spring,NA,54.349,10.15,37,3,4,Seastore_Project,SP,whole_leaf,Kiel Bay,Germany,515F-806R-P01-G11-SeaStore-Seq01-2022-2-M-RQ4-SGR-t4-2,1183F-1443R-P01-G11-SeaStore-Seq01-2022-2-M-RQ4-SGR-t4-2,0.924960071,0.8810951465,0.3596256018,0.9982019981,0.9887990946,0.9722177475,1,1,8,NA,2.18E-06,5.10E-05,13.86539173,-3.64,2912,40,2.86126649,1.54
L_11_SGO_y,old_leaf,GEOMAR_Lab,2021-10-01,17.12.2021,274,October,Autumn,NA,NA,NA,62,4,4,Seastore_Project,SP,whole_leaf,Lab,Germany,515F-806R-P02-C11-SeaStore-Seq02-2022-2-ASR-S-cap-out-6,1183F-1443R-P02-C11-SeaStore-Seq02-2022-2-ASR-S-cap-out-6,NA,NA,NA,NA,NA,NA,NA,NA,NA,NA,NA,NA,NA,NA,42757,121,3.031881579,6.94
M_N_SGO_t0_1,old_leaf,Maasholm,2021-06-09,06.12.2021,160,June,Summer,NA,54.687,10.007,16.6,2,5,Seastore_Project,SP,whole_leaf,Kiel Bay,Germany,515F-806R-P02-F10-SeaStore-Seq02-2022-2-KR1-SGR-3,1183F-1443R-P02-F10-SeaStore-Seq02-2022-2-KR1-SGR-3,0,0.0208602738,0.001887815768,0.7736870256,0.8239476887,0.07844843815,0.9893686468,0.8583808343,6,13.1253061,Inf,Inf,21.46413422,0,3626,14,1.513648592,3.27
K_RQ3_SGO_t4_3,old_leaf,Kiel,2022-05-25,12.10.2022,145,May,Spring,NA,54.349,10.15,31.1,4,4,Seastore_Project,SP,whole_leaf,Kiel Bay,Germany,515F-806R-P02-G05-SeaStore-Seq02-2022-2-K-RQ1-SGR-t4-1,1183F-1443R-P02-G05-SeaStore-Seq02-2022-2-K-RQ1-SGR-t4-1,0.924960071,0.8810951465,0.3596256018,0.9982019981,0.9887990946,0.9722177475,1,1,8,NA,2.18E-06,5.10E-05,13.86539173,-3.64,4293,39,2.532959144,1.31
ASR_SGO_3,old_leaf,Askerön,2021-07-21,21.10.2022,202,July,Summer,NA,58.084,11.734,31.5,5,7,Seastore_Project,SP,whole_leaf,Askeröfjord,Sweden,515F-806R-P03-A07-SeaStore-Seq03-2022-2-K-RQ4-SGR-t4-1,1183F-1443R-P03-A07-SeaStore-Seq03-2022-2-K-RQ4-SGR-t4-1,0.7806848336,0.9667029387,0.6597822725,0.9643166313,0.3628999409,0.6052448357,0.7040622259,0.2176223149,8,NA,Inf,Inf,15.61851692,0,2861,28,2.138877268,1.88
GD_SGO_2,old_leaf,Gasö,2021-07-27,09.11.2022,208,July,Summer,NA,58.231,11.398,118.2,1,5,Seastore_Project,SP,whole_leaf,Gasöfjord,Sweden,515F-806R-P03-A09-SeaStore-Seq03-2022-2-KR2-S-out-3,1183F-1443R-P03-A09-SeaStore-Seq03-2022-2-KR2-S-out-3,0.3033549403,0.3750089868,0.4951985825,0.001713457289,0.1468052015,0.6594236105,0,0,5,20.51777122,0.1022027249,0.744295368,34.69461823,-2.55,29622,243,4.602182605,14.5
GR19_SGO_3,old_leaf,Gasö,2021-07-27,NA,208,July,Summer,NA,58.231,11.398,109.5,9,5,Seastore_Project,SP,whole_leaf,Gasöfjord,Sweden,515F-806R-P03-A12-SeaStore-Seq03-2022-2-SGR-Kos,1183F-1443R-P03-A12-SeaStore-Seq03-2022-2-SGR-Kos,0.3033549403,0.3750089868,0.4951985825,0.001713457289,0.1468052015,0.6594236105,0,0,5,20.51777122,0.1022027249,0.744295368,34.69461823,-2.55,15778,45,1.862072903,21.8
ASD_SGO_1,old_leaf,Askerön,2021-07-21,03.11.2021,202,July,Summer,NA,58.084,11.717,45.2,3.5,4,Seastore_Project,SP,whole_leaf,Askeröfjord,Sweden,515F-806R-P03-B02-SeaStore-Seq03-2022-2-GR19-SGR-2,1183F-1443R-P03-B02-SeaStore-Seq03-2022-2-GR19-SGR-2,0.6323546985,0.9828737603,0.7394481468,0.9612012351,0.3681716573,0.4665282304,0.782701778,0.1778315991,8,NA,5.68E-04,0.01810692838,25.49300957,-3.05,20232,38,1.406879698,26.2
KR2_SGO_1,old_leaf,Koster,2021-08-10,21.10.2022,222,August,Summer,NA,58.883,11.005,48.6,6.5,6,Seastore_Project,SP,whole_leaf,Kosterfjord,Sweden,515F-806R-P03-B04-SeaStore-Seq03-2022-2-K-RQ2-S-t4-2,1183F-1443R-P03-B04-SeaStore-Seq03-2022-2-K-RQ2-S-t4-2,0.005264161028,0,0.06312000291,0,0,0,0,0,1,19.41951269,Inf,Inf,34.83201981,0,43106,145,3.155991932,5.64
GD_SGO_3,old_leaf,Gasö,2021-07-27,08.11.2022,208,July,Summer,NA,58.231,11.398,78.5,7,5,Seastore_Project,SP,whole_leaf,Gasöfjord,Sweden,515F-806R-P03-B09-SeaStore-Seq03-2022-2-SGR-Kos,1183F-1443R-P03-B09-SeaStore-Seq03-2022-2-SGR-Kos,0.3033549403,0.3750089868,0.4951985825,0.001713457289,0.1468052015,0.6594236105,0,0,5,20.51777122,0.1022027249,0.744295368,34.69461823,-2.55,9486,48,1.910754541,8.4
GR15_SGO_1,old_leaf,Gasö,2021-07-27,NA,208,July,Summer,NA,58.231,11.398,60.1,7,4,Seastore_Project,SP,whole_leaf,Gasöfjord,Sweden,515F-806R-P03-B10-SeaStore-Seq03-2022-2-ASD-S-out-3,1183F-1443R-P03-B10-SeaStore-Seq03-2022-2-ASD-S-out-3,0.3033549403,0.3750089868,0.4951985825,0.001713457289,0.1468052015,0.6594236105,0,0,5,20.51777122,0.1022027249,0.744295368,34.69461823,-2.55,48765,257,4.501878147,14.5
GR19_SGO_2_2,old_leaf,Gasö,2021-07-27,18.11.2022,208,July,Summer,NA,58.231,11.398,NA,NA,NA,Seastore_Project,SP,whole_leaf,Gasöfjord,Sweden,515F-806R-P03-B12-SeaStore-Seq03-2022-2-SGR-Kos,1183F-1443R-P03-B12-SeaStore-Seq03-2022-2-SGR-Kos,0.3033549403,0.3750089868,0.4951985825,0.001713457289,0.1468052015,0.6594236105,0,0,5,20.51777122,0.1022027249,0.744295368,34.69461823,-2.55,10925,121,3.877937222,5.32
KR2_SGO_2,old_leaf,Koster,2021-08-10,09.11.2022,222,August,Summer,NA,58.883,11.005,49.5,5.5,7,Seastore_Project,SP,whole_leaf,Kosterfjord,Sweden,515F-806R-P03-C04-SeaStore-Seq03-2022-2-K-RQ2-S-t4-3,1183F-1443R-P03-C04-SeaStore-Seq03-2022-2-K-RQ2-S-t4-3,0.005264161028,0,0.06312000291,0,0,0,0,0,1,19.41951269,Inf,Inf,34.83201981,0,108545,40,1.62390207,47.6
GR15_SGO_3,old_leaf,Gasö,2021-07-27,NA,208,July,Summer,NA,58.231,11.398,44.5,6,6,Seastore_Project,SP,whole_leaf,Gasöfjord,Sweden,515F-806R-P03-C10-SeaStore-Seq03-2022-2-ASR-S-ref-1,1183F-1443R-P03-C10-SeaStore-Seq03-2022-2-ASR-S-ref-1,0.3033549403,0.3750089868,0.4951985825,0.001713457289,0.1468052015,0.6594236105,0,0,5,20.51777122,0.1022027249,0.744295368,34.69461823,-2.55,71026,144,2.428603329,13.4
KR1_SGO_1,old_leaf,Koster,2021-08-10,21.10.2022,222,August,Summer,NA,58.864,11.038,32,5,5,Seastore_Project,SP,whole_leaf,Kosterfjord,Sweden,515F-806R-P03-D02-SeaStore-Seq03-2022-2-S-out-Kos,1183F-1443R-P03-D02-SeaStore-Seq03-2022-2-S-out-Kos,0,0,0.1473147513,0,0,0,0,0,1,19.4262018,Inf,Inf,34.84975433,0,45413,218,4.390824974,15.6
KR1_SGO_2,old_leaf,Koster,2021-08-10,21.10.2022,222,August,Summer,NA,58.864,11.038,17.9,3.5,5,Seastore_Project,SP,whole_leaf,Kosterfjord,Sweden,515F-806R-P03-E02-SeaStore-Seq03-2022-2-K-RQ3-S-t4-1,1183F-1443R-P03-E02-SeaStore-Seq03-2022-2-K-RQ3-S-t4-1,0,0,0.1473147513,0,0,0,0,0,1,19.4262018,Inf,Inf,34.84975433,0,61124,93,2.606559372,2.62
KR1_SGO_3,old_leaf,Koster,2021-08-10,21.10.2022,222,August,Summer,NA,58.864,11.038,36.4,6.5,7,Seastore_Project,SP,whole_leaf,Kosterfjord,Sweden,515F-806R-P03-F02-SeaStore-Seq03-2022-2-K-RQ4-S-t4-2,1183F-1443R-P03-F02-SeaStore-Seq03-2022-2-K-RQ4-S-t4-2,0,0,0.1473147513,0,0,0,0,0,1,19.4262018,Inf,Inf,34.84975433,0,46941,98,2.400072615,11.5
ASR_SGO_1,old_leaf,Askerön,2021-07-21,21.10.2022,202,July,Summer,NA,58.084,11.734,38.4,6,6,Seastore_Project,SP,whole_leaf,Askeröfjord,Sweden,515F-806R-P03-F06-SeaStore-Seq03-2022-2-KR1-S-out-2,1183F-1443R-P03-F06-SeaStore-Seq03-2022-2-KR1-S-out-2,0.7806848336,0.9667029387,0.6597822725,0.9643166313,0.3628999409,0.6052448357,0.7040622259,0.2176223149,8,NA,Inf,Inf,15.61851692,0,22588,195,4.073963164,4.44
ASD_SGO_3,old_leaf,Askerön,2021-07-21,29.09.2021,202,July,Summer,NA,58.084,11.717,83.4,5,5,Seastore_Project,SP,whole_leaf,Askeröfjord,Sweden,515F-806R-P03-F07-SeaStore-Seq03-2022-2-M-RQ3-S-t4-1,1183F-1443R-P03-F07-SeaStore-Seq03-2022-2-M-RQ3-S-t4-1,0.6323546985,0.9828737603,0.7394481468,0.9612012351,0.3681716573,0.4665282304,0.782701778,0.1778315991,8,NA,5.68E-04,0.01810692838,25.49300957,-3.05,11775,112,3.772343463,25
ASR_SGO_2,old_leaf,Askerön,2021-07-21,21.10.2022,202,July,Summer,NA,58.084,11.734,38.6,5,6,Seastore_Project,SP,whole_leaf,Askeröfjord,Sweden,515F-806R-P03-G06-SeaStore-Seq03-2022-2-KR2-S-in-1,1183F-1443R-P03-G06-SeaStore-Seq03-2022-2-KR2-S-in-1,0.7806848336,0.9667029387,0.6597822725,0.9643166313,0.3628999409,0.6052448357,0.7040622259,0.2176223149,8,NA,Inf,Inf,15.61851692,0,22389,178,4.206266007,4.32
GR19_SGO_1,old_leaf,Gasö,2021-07-27,09.11.2022,208,July,Summer,NA,58.231,11.398,96.4,6,6,Seastore_Project,SP,whole_leaf,Gasöfjord,Sweden,515F-806R-P03-G11-SeaStore-Seq03-2022-2-ASR-S-cap-out-4,1183F-1443R-P03-G11-SeaStore-Seq03-2022-2-ASR-S-cap-out-4,0.3033549403,0.3750089868,0.4951985825,0.001713457289,0.1468052015,0.6594236105,0,0,5,20.51777122,0.1022027249,0.744295368,34.69461823,-2.55,76968,189,3.958373599,9.02
ASD_SGO_2,old_leaf,Askerön,2021-07-21,08.11.2022,202,July,Summer,NA,58.084,11.717,57,5,3,Seastore_Project,SP,whole_leaf,Askeröfjord,Sweden,515F-806R-P03-H06-SeaStore-Seq03-2022-2-KR2-S-out-1,1183F-1443R-P03-H06-SeaStore-Seq03-2022-2-KR2-S-out-1,0.6323546985,0.9828737603,0.7394481468,0.9612012351,0.3681716573,0.4665282304,0.782701778,0.1778315991,8,NA,5.68E-04,0.01810692838,25.49300957,-3.05,64473,109,1.907763727,10.9
GD_SGO_1,old_leaf,Gasö,2021-07-21,NA,202,July,Summer,NA,58.231,11.398,87.6,8,5,Seastore_Project,SP,whole_leaf,Gasöfjord,Sweden,515F-806R-P03-H08-SeaStore-Seq03-2022-2-KR2-S-out-2,1183F-1443R-P03-H08-SeaStore-Seq03-2022-2-KR2-S-out-2,NA,NA,NA,NA,NA,NA,NA,NA,NA,NA,NA,NA,NA,NA,12242,123,3.542811558,18.4
G_D_SGO_t0_2,old_leaf,Gelting,2022-05-11,21.09.2022,131,May,Spring,NA,54.767,9.877,NA,4,4,Seastore_Project,SP,whole_leaf,Kiel Bay,Germany,515F-806R-P01-A08-S-10-in-Tja,1183F-1443R-P01-A08-S-10-in-Tja,0.3758405423,0,0.04060224616,0,0.9998640278,0.8520116648,0.9992209203,0.6779932079,6,10.90079722,5.30E-06,0.001586354497,19.05716705,-4.09,37839,107,3.446344845,9.41
G_D_SGO_t0_3,old_leaf,Gelting,2022-05-11,07.10.2022,131,May,Spring,NA,54.767,9.877,NA,2,4,Seastore_Project,SP,whole_leaf,Kiel Bay,Germany,515F-806R-P01-A09-K-RQ2-S-t5-2,1183F-1443R-P01-A09-K-RQ2-S-t5-2,0.3758405423,0,0.04060224616,0,0.9998640278,0.8520116648,0.9992209203,0.6779932079,6,10.90079722,5.30E-06,0.001586354497,19.05716705,-4.09,24185,147,3.956085666,5.6
M_RQ3_SGO_t5_1,old_leaf,Maasholm,2023-05-24,08.08.2023,144,May,Spring,NA,54.687,10.007,NA,4,9,Seastore_Project,SP,whole_leaf,Kiel Bay,Germany,515F-806R-P01-B10-G-Q3-S-t4-3,1183F-1443R-P01-B10-G-Q3-S-t4-3,0,0.0208602738,0.001887815768,0.7736870256,0.8239476887,0.07844843815,0.9893686468,0.8583808343,6,11.33843114,Inf,Inf,16.37156105,0,32083,114,3.401272512,13.2
M_RQ3_SGO_t5_2,old_leaf,Maasholm,2023-05-24,09.08.2023,144,May,Spring,NA,54.687,10.007,NA,5,6,Seastore_Project,SP,whole_leaf,Kiel Bay,Germany,515F-806R-P01-B11-M-C-S-t5-3,1183F-1443R-P01-B11-M-C-S-t5-3,0,0.0208602738,0.001887815768,0.7736870256,0.8239476887,0.07844843815,0.9893686468,0.8583808343,6,11.33843114,Inf,Inf,16.37156105,0,60040,138,3.644889227,24.2
M_RQ3_SGO_t5_3,old_leaf,Maasholm,2023-05-24,10.08.2023,144,May,Spring,NA,54.687,10.007,NA,3,7,Seastore_Project,SP,whole_leaf,Kiel Bay,Germany,515F-806R-P01-B12-G-D-S-t4-1,1183F-1443R-P01-B12-G-D-S-t4-1,0,0.0208602738,0.001887815768,0.7736870256,0.8239476887,0.07844843815,0.9893686468,0.8583808343,6,11.33843114,Inf,Inf,16.37156105,0,43028,128,3.189037791,18
M_RQ4_SGO_t5_1,old_leaf,Maasholm,2023-05-24,08.08.2023,144,May,Spring,NA,54.687,10.007,NA,3,6,Seastore_Project,SP,whole_leaf,Kiel Bay,Germany,515F-806R-P01-C04-K-RQ3-SGO-t5-1,1183F-1443R-P01-C04-K-RQ3-SGO-t5-1,0,0.0208602738,0.001887815768,0.7736870256,0.8239476887,0.07844843815,0.9893686468,0.8583808343,6,11.33843114,Inf,Inf,16.37156105,0,38785,14,1.02264766,22
M_RQ4_SGO_t5_2,old_leaf,Maasholm,2023-05-24,09.08.2023,144,May,Spring,NA,54.687,10.007,NA,3.5,4,Seastore_Project,SP,whole_leaf,Kiel Bay,Germany,515F-806R-P01-C05-M-RQ3-SGO-t5-1,1183F-1443R-P01-C05-M-RQ3-SGO-t5-1,0,0.0208602738,0.001887815768,0.7736870256,0.8239476887,0.07844843815,0.9893686468,0.8583808343,6,11.33843114,Inf,Inf,16.37156105,0,24543,62,2.497596882,22.8
K_D_SGO_t5_1,old_leaf,Kiel,2023-05-22,08.08.2023,142,May,Spring,NA,54.346,10.154,NA,4,6,Seastore_Project,SP,whole_leaf,Kiel Bay,Germany,515F-806R-P01-D08-K-RQ1-S-t5-1,1183F-1443R-P01-D08-K-RQ1-S-t5-1,0.9486099468,0.8552587941,0.373863805,0.9949431349,0.9852850089,0.9802549501,0.9990751514,1,8,NA,7.87E-06,2.21E-04,14.94716454,-3.64,50678,111,3.540240638,10.5
K_D_SGO_t5_2,old_leaf,Kiel,2023-05-22,09.08.2023,142,May,Spring,NA,54.346,10.154,NA,5,7,Seastore_Project,SP,whole_leaf,Kiel Bay,Germany,515F-806R-P01-D09-K-C-S-t5-3,1183F-1443R-P01-D09-K-C-S-t5-3,0.9486099468,0.8552587941,0.373863805,0.9949431349,0.9852850089,0.9802549501,0.9990751514,1,8,NA,7.87E-06,2.21E-04,14.94716454,-3.64,92545,30,1.023568618,15.9
K_D_SGO_t5_3,old_leaf,Kiel,2023-05-22,10.08.2023,142,May,Spring,NA,54.346,10.154,NA,4,6,Seastore_Project,SP,whole_leaf,Kiel Bay,Germany,515F-806R-P01-D10-G-Q3-S-t4-1,1183F-1443R-P01-D10-G-Q3-S-t4-1,0.9486099468,0.8552587941,0.373863805,0.9949431349,0.9852850089,0.9802549501,0.9990751514,1,8,NA,7.87E-06,2.21E-04,14.94716454,-3.64,41951,109,3.478298994,10.4
K_RQ1_SGO_t5_3,old_leaf,Kiel,2023-05-23,10.08.2023,143,May,Spring,NA,54.349,10.15,NA,3,4,Seastore_Project,SP,whole_leaf,Kiel Bay,Germany,515F-806R-P01-E04-K-RQ3-SGO-t5-3,1183F-1443R-P01-E04-K-RQ3-SGO-t5-3,0.924960071,0.8810951465,0.3596256018,0.9982019981,0.9887990946,0.9722177475,1,1,8,NA,3.08E-06,4.87E-05,14.94716454,-3.64,21527,14,0.7344646609,10.9
K_RQ2_SGO_t5_1,old_leaf,Kiel,2023-05-22,08.08.2023,142,May,Spring,NA,54.349,10.15,NA,4,10,Seastore_Project,SP,whole_leaf,Kiel Bay,Germany,515F-806R-P01-E08-M-RQ4-SGO-t5-1,1183F-1443R-P01-E08-M-RQ4-SGO-t5-1,0.924960071,0.8810951465,0.3596256018,0.9982019981,0.9887990946,0.9722177475,1,1,8,NA,3.00E-06,4.87E-05,14.94716454,-3.64,32684,51,1.656647874,1.64
K_RQ2_SGO_t5_2,old_leaf,Kiel,2023-05-22,09.08.2023,142,May,Spring,NA,54.349,10.15,NA,5,10,Seastore_Project,SP,whole_leaf,Kiel Bay,Germany,515F-806R-P01-E09-K-RQ4-S-t5-3,1183F-1443R-P01-E09-K-RQ4-S-t5-3,0.924960071,0.8810951465,0.3596256018,0.9982019981,0.9887990946,0.9722177475,1,1,8,NA,3.00E-06,4.87E-05,14.94716454,-3.64,11694,128,4.091857732,4.68
K_RQ2_SGO_t5_3,old_leaf,Kiel,2023-05-22,10.08.2023,142,May,Spring,NA,54.349,10.15,NA,4,7,Seastore_Project,SP,whole_leaf,Kiel Bay,Germany,515F-806R-P01-E10-M-C-S-t5-2,1183F-1443R-P01-E10-M-C-S-t5-2,0.924960071,0.8810951465,0.3596256018,0.9982019981,0.9887990946,0.9722177475,1,1,8,NA,3.00E-06,4.87E-05,14.94716454,-3.64,47595,111,3.555543747,6.06
K_RQ3_SGO_t5_1,old_leaf,Kiel,2023-05-25,08.08.2023,145,May,Spring,NA,54.349,10.15,NA,4,8,Seastore_Project,SP,whole_leaf,Kiel Bay,Germany,515F-806R-P01-F02-K-RQ2-SGO-t5-1,1183F-1443R-P01-F02-K-RQ2-SGO-t5-1,0.924960071,0.8810951465,0.3596256018,0.9982019981,0.9887990946,0.9722177475,1,1,8,NA,2.52E-06,5.06E-05,14.94716454,-3.64,14614,8,0.6227105867,11.2
K_RQ3_SGO_t5_2,old_leaf,Kiel,2023-05-25,09.08.2023,145,May,Spring,NA,54.349,10.15,NA,4,5,Seastore_Project,SP,whole_leaf,Kiel Bay,Germany,515F-806R-P01-F03-K-D-SGO-t5-3,1183F-1443R-P01-F03-K-D-SGO-t5-3,0.924960071,0.8810951465,0.3596256018,0.9982019981,0.9887990946,0.9722177475,1,1,8,NA,2.52E-06,5.06E-05,14.94716454,-3.64,33505,19,1.060970027,13.5
K_RQ3_SGO_t5_3,old_leaf,Kiel,2023-05-25,10.08.2023,145,May,Spring,NA,54.349,10.15,NA,NA,4,Seastore_Project,SP,whole_leaf,Kiel Bay,Germany,515F-806R-P01-F04-M-RQ4-SGO-t5-3,1183F-1443R-P01-F04-M-RQ4-SGO-t5-3,0.924960071,0.8810951465,0.3596256018,0.9982019981,0.9887990946,0.9722177475,1,1,8,NA,2.52E-06,5.06E-05,14.94716454,-3.64,35485,79,2.427944585,12.2
K_RQ4_SGO_t5_2,old_leaf,Kiel,2023-05-23,09.08.2023,143,May,Spring,NA,54.349,10.15,NA,5,4,Seastore_Project,SP,whole_leaf,Kiel Bay,Germany,515F-806R-P01-F09-S-10-in-Bjo,1183F-1443R-P01-F09-S-10-in-Bjo,0.924960071,0.8810951465,0.3596256018,0.9982019981,0.9887990946,0.9722177475,1,1,8,NA,3.08E-06,4.87E-05,14.94716454,-3.64,37013,143,2.75931194,12.3
K_RQ4_SGO_t5_3,old_leaf,Kiel,2023-05-23,10.08.2023,143,May,Spring,NA,54.349,10.15,NA,4,4,Seastore_Project,SP,whole_leaf,Kiel Bay,Germany,515F-806R-P01-F10-G-D-S-t4-3,1183F-1443R-P01-F10-G-D-S-t4-3,0.924960071,0.8810951465,0.3596256018,0.9982019981,0.9887990946,0.9722177475,1,1,8,NA,3.08E-06,4.87E-05,14.94716454,-3.64,59355,106,2.551475745,17.5
G_D_SGO_t4_2,old_leaf,Gelting,2023-06-20,09.08.2023,171,June,Summer,NA,54.767,9.877,NA,5,6,Seastore_Project,SP,whole_leaf,Kiel Bay,Germany,515F-806R-P01-H10-G-Q4-S-t4-2,1183F-1443R-P01-H10-G-Q4-S-t4-2,0.3758405423,0,0.04060224616,0,0.9998640278,0.8520116648,0.9992209203,0.6779932079,6,17.19660065,0.001724405328,0.08903993231,19.55888939,-4.09,54977,113,3.205840219,13.8
G_D_SGO_t4_3,old_leaf,Gelting,2023-06-20,10.08.2023,171,June,Summer,NA,54.767,9.877,NA,3.9,6,Seastore_Project,SP,whole_leaf,Kiel Bay,Germany,515F-806R-P01-H11-K-RQ2-S-t5-1,1183F-1443R-P01-H11-K-RQ2-S-t5-1,0.3758405423,0,0.04060224616,0,0.9998640278,0.8520116648,0.9992209203,0.6779932079,6,17.19660065,0.001724405328,0.08903993231,19.55888939,-4.09,55288,153,3.834274373,16.1
G_RQ4_SGO_t4_1,old_leaf,Gelting,2023-06-20,08.08.2023,171,June,Summer,NA,54.767,9.877,NA,3,6,Seastore_Project,SP,whole_leaf,Kiel Bay,Germany,515F-806R-P02-A03-G-Q4-S-t0-3,1183F-1443R-P02-A03-G-Q4-S-t0-3,0.3758405423,0,0.04060224616,0,0.9998640278,0.8520116648,0.9992209203,0.6779932079,6,17.19660065,0.001724405328,0.08903993231,19.55888939,-4.09,39006,111,2.906883465,12.5
G_RQ4_SGO_t4_2,old_leaf,Gelting,2023-06-20,09.08.2023,171,June,Summer,NA,54.767,9.877,NA,3,5,Seastore_Project,SP,whole_leaf,Kiel Bay,Germany,515F-806R-P02-B01-K-RQ3-S-t5-2,1183F-1443R-P02-B01-K-RQ3-S-t5-2,0.3758405423,0,0.04060224616,0,0.9998640278,0.8520116648,0.9992209203,0.6779932079,6,17.19660065,0.001724405328,0.08903993231,19.55888939,-4.09,8879,80,3.221582778,14
G_RQ4_SGO_t4_3,old_leaf,Gelting,2023-06-20,10.08.2023,171,June,Summer,NA,54.767,9.877,NA,4,6,Seastore_Project,SP,whole_leaf,Kiel Bay,Germany,515F-806R-P02-B02-S-10-in-Sli,1183F-1443R-P02-B02-S-10-in-Sli,0.3758405423,0,0.04060224616,0,0.9998640278,0.8520116648,0.9992209203,0.6779932079,6,17.19660065,0.001724405328,0.08903993231,19.55888939,-4.09,38818,252,4.533731474,9.26
M_RQ3_SGO_t3_1,old_leaf,Maasholm,2021-09-23,25.11.2021,266,September,Autumn,NA,54.687,10.007,13.6,2,4,Seastore_Project,SP,whole_leaf,Kiel Bay,Germany,515F-806R-P02-A06-SeaStore-Seq02-2022-M-RQ4-S-t3-2,1183F-1443R-P02-A06-SeaStore-Seq02-2022-M-RQ4-S-t3-2,0,0.0208602738,0.001887815768,0.7736870256,0.8239476887,0.07844843815,0.9893686468,0.8583808343,6,16.89343102,Inf,Inf,21.70870209,0,25514,116,3.737397117,3.72
K_RQ3_SGO_t3_1,old_leaf,Kiel,2021-09-29,25.11.2021,272,September,Autumn,NA,54.349,10.15,36,4,4,Seastore_Project,SP,whole_leaf,Kiel Bay,Germany,515F-806R-P02-A11-SeaStore-Seq02-2022-K-RQ1-S-t3-2,1183F-1443R-P02-A11-SeaStore-Seq02-2022-K-RQ1-S-t3-2,0.924960071,0.8810951465,0.3596256018,0.9982019981,0.9887990946,0.9722177475,1,1,8,NA,7.38E-06,3.30E-04,14.06503677,-3.64,71319,147,3.675779172,0.723
K_RQ4_SGO_t3_3,old_leaf,Kiel,2021-09-29,10.12.2021,272,September,Autumn,NA,54.349,10.15,40,5,3,Seastore_Project,SP,whole_leaf,Kiel Bay,Germany,515F-806R-P02-A12-SeaStore-Seq02-2022-K-RQ4-S-t3-1,1183F-1443R-P02-A12-SeaStore-Seq02-2022-K-RQ4-S-t3-1,0.924960071,0.8810951465,0.3596256018,0.9982019981,0.9887990946,0.9722177475,1,1,8,NA,7.38E-06,3.30E-04,14.06503677,-3.64,49115,122,3.361164177,2.58
M_RQ3_SGO_t3_2,old_leaf,Maasholm,2021-09-23,03.12.2021,266,September,Autumn,NA,54.687,10.007,43.5,2,5,Seastore_Project,SP,whole_leaf,Kiel Bay,Germany,515F-806R-P02-B06-SeaStore-Seq02-2022-M-RQ4-S-t3-3,1183F-1443R-P02-B06-SeaStore-Seq02-2022-M-RQ4-S-t3-3,0,0.0208602738,0.001887815768,0.7736870256,0.8239476887,0.07844843815,0.9893686468,0.8583808343,6,16.89343102,Inf,Inf,21.70870209,0,32376,130,3.640194196,1.94
K_RQ3_SGO_t3_2,old_leaf,Kiel,2021-09-29,26.11.2021,272,September,Autumn,NA,54.349,10.15,32,5,3,Seastore_Project,SP,whole_leaf,Kiel Bay,Germany,515F-806R-P02-B11-SeaStore-Seq02-2022-K-RQ1-S-t3-3,1183F-1443R-P02-B11-SeaStore-Seq02-2022-K-RQ1-S-t3-3,0.924960071,0.8810951465,0.3596256018,0.9982019981,0.9887990946,0.9722177475,1,1,8,NA,7.38E-06,3.30E-04,14.06503677,-3.64,53472,105,2.829828928,0.741
M_RQ3_SGO_t3_3,old_leaf,Maasholm,2021-09-23,18.11.2021,266,September,Autumn,NA,54.687,10.007,21.6,3,4,Seastore_Project,SP,whole_leaf,Kiel Bay,Germany,515F-806R-P02-C06-SeaStore-Seq02-2022-M-C-S-t3-1,1183F-1443R-P02-C06-SeaStore-Seq02-2022-M-C-S-t3-1,0,0.0208602738,0.001887815768,0.7736870256,0.8239476887,0.07844843815,0.9893686468,0.8583808343,6,16.89343102,Inf,Inf,21.70870209,0,23122,110,3.648967691,16.7
K_RQ3_SGO_t3_3,old_leaf,Kiel,2021-09-29,06.12.2021,272,September,Autumn,NA,54.349,10.15,27.3,3,4,Seastore_Project,SP,whole_leaf,Kiel Bay,Germany,515F-806R-P02-C11-SeaStore-Seq02-2022-K-RQ2-S-t3-1,1183F-1443R-P02-C11-SeaStore-Seq02-2022-K-RQ2-S-t3-1,0.924960071,0.8810951465,0.3596256018,0.9982019981,0.9887990946,0.9722177475,1,1,8,NA,7.38E-06,3.30E-04,14.06503677,-3.64,69188,233,4.441341177,1.09
SGO_10_Kos,old_leaf,Koster,2021-06-30,09.11.2022,181,June,Summer,2.5,58.883,10.992,NA,6,5,Seastore_Project,SP,whole_leaf,Kosterfjord,Sweden,515F-806R-P02-D04-SeaStore-Seq02-2022-M-RQ3-SGR-t3-1,1183F-1443R-P02-D04-SeaStore-Seq02-2022-M-RQ3-SGR-t3-1,9.28E-04,0,0.02058861509,0,0,0,0,0,1,15.95917623,Inf,Inf,34.83843994,0,2321,17,1.882976871,74
K_RQ2_SGO_t3_2,old_leaf,Kiel,2021-09-29,10.12.2021,272,September,Autumn,NA,54.349,10.15,39.5,4,4,Seastore_Project,SP,whole_leaf,Kiel Bay,Germany,515F-806R-P02-D10-SeaStore-Seq02-2022-K-RQ4-SGR-t3-3,1183F-1443R-P02-D10-SeaStore-Seq02-2022-K-RQ4-SGR-t3-3,0.924960071,0.8810951465,0.3596256018,0.9982019981,0.9887990946,0.9722177475,1,1,8,NA,7.38E-06,3.30E-04,14.06503677,-3.64,40768,26,1.287892186,1.48
SGO_20_Kos,old_leaf,Koster,2021-06-30,30.11.2022,181,June,Summer,2.5,58.883,10.992,NA,9,7,Seastore_Project,SP,whole_leaf,Kosterfjord,Sweden,515F-806R-P02-E04-SeaStore-Seq02-2022-M-RQ3-SGR-t3-2,1183F-1443R-P02-E04-SeaStore-Seq02-2022-M-RQ3-SGR-t3-2,9.28E-04,0,0.02058861509,0,0,0,0,0,1,15.95917623,Inf,Inf,34.83843994,0,30980,15,1.109943611,5.28
K_RQ1_SGO_t3_1,old_leaf,Kiel,2021-09-29,25.11.2021,272,September,Autumn,NA,54.349,10.15,23,3,3,Seastore_Project,SP,whole_leaf,Kiel Bay,Germany,515F-806R-P02-E09-SeaStore-Seq02-2022-K-RQ3-SGR-t3-2,1183F-1443R-P02-E09-SeaStore-Seq02-2022-K-RQ3-SGR-t3-2,0.924960071,0.8810951465,0.3596256018,0.9982019981,0.9887990946,0.9722177475,1,1,8,NA,7.38E-06,3.30E-04,14.06503677,-3.64,15820,22,1.073633852,1.43
K_RQ2_SGO_t3_3,old_leaf,Kiel,2021-09-29,06.12.2021,272,September,Autumn,NA,54.349,10.15,34.5,4,4,Seastore_Project,SP,whole_leaf,Kiel Bay,Germany,515F-806R-P02-E10-SeaStore-Seq02-2022-K-D-S-t3-1,1183F-1443R-P02-E10-SeaStore-Seq02-2022-K-D-S-t3-1,0.924960071,0.8810951465,0.3596256018,0.9982019981,0.9887990946,0.9722177475,1,1,8,NA,7.38E-06,3.30E-04,14.06503677,-3.64,101497,95,1.787080644,1.43
K_RQ1_SGO_t3_2,old_leaf,Kiel,2021-09-29,06.12.2021,272,September,Autumn,NA,54.349,10.15,34.5,4,4,Seastore_Project,SP,whole_leaf,Kiel Bay,Germany,515F-806R-P02-F09-SeaStore-Seq02-2022-K-RQ3-SGR-t3-3,1183F-1443R-P02-F09-SeaStore-Seq02-2022-K-RQ3-SGR-t3-3,0.924960071,0.8810951465,0.3596256018,0.9982019981,0.9887990946,0.9722177475,1,1,8,NA,7.38E-06,3.30E-04,14.06503677,-3.64,14289,21,1.496027797,1.18
K_D_SGO_t3_1,old_leaf,Kiel,2021-09-28,25.11.2021,271,September,Autumn,NA,54.346,10.154,59,3,3,Seastore_Project,SP,whole_leaf,Kiel Bay,Germany,515F-806R-P02-G08-SeaStore-Seq02-2022-K-RQ2-SGR-t3-2,1183F-1443R-P02-G08-SeaStore-Seq02-2022-K-RQ2-SGR-t3-2,0.9486099468,0.8552587941,0.373863805,0.9949431349,0.9852850089,0.9802549501,0.9990751514,1,8,NA,2.94E-05,0.001935417354,14.06503677,-3.64,35006,16,1.229237312,2.07
K_RQ4_SGO_t3_1,old_leaf,Kiel,2021-09-29,25.11.2021,272,September,Autumn,NA,54.349,10.15,28.8,3,3,Seastore_Project,SP,whole_leaf,Kiel Bay,Germany,515F-806R-P02-G11-SeaStore-Seq02-2022-K-RQ3-S-t3-2,1183F-1443R-P02-G11-SeaStore-Seq02-2022-K-RQ3-S-t3-2,0.924960071,0.8810951465,0.3596256018,0.9982019981,0.9887990946,0.9722177475,1,1,8,NA,7.38E-06,3.30E-04,14.06503677,-3.64,90142,133,3.407548186,0.782
K_D_SGO_t3_2,old_leaf,Kiel,2021-09-28,10.12.2021,271,September,Autumn,NA,54.346,10.154,63.5,3,4,Seastore_Project,SP,whole_leaf,Kiel Bay,Germany,515F-806R-P02-H08-SeaStore-Seq02-2022-K-RQ2-SGR-t3-3,1183F-1443R-P02-H08-SeaStore-Seq02-2022-K-RQ2-SGR-t3-3,0.9486099468,0.8552587941,0.373863805,0.9949431349,0.9852850089,0.9802549501,0.9990751514,1,8,NA,2.94E-05,0.001935417354,14.06503677,-3.64,12919,36,2.522964679,2.68
K_RQ4_SGO_t3_2,old_leaf,Kiel,2021-09-29,10.12.2021,272,September,Autumn,NA,54.349,10.15,34.4,3.5,3,Seastore_Project,SP,whole_leaf,Kiel Bay,Germany,515F-806R-P02-H11-SeaStore-Seq02-2022-K-RQ3-S-t3-3,1183F-1443R-P02-H11-SeaStore-Seq02-2022-K-RQ3-S-t3-3,0.924960071,0.8810951465,0.3596256018,0.9982019981,0.9887990946,0.9722177475,1,1,8,NA,7.38E-06,3.30E-04,14.06503677,-3.64,64734,206,4.190222346,0.483
M_RQ4_SGO_t4_3,old_leaf,Maasholm,2022-05-12,12.10.2022,132,May,Spring,NA,54.687,10.007,22.6,3,4,Seastore_Project,SP,whole_leaf,Kiel Bay,Germany,515F-806R-P03-A04-SeaStore-Seq03-2022-M-RQ4-S-t1-3-DS-1-500,1183F-1443R-P03-A04-SeaStore-Seq03-2022-M-RQ4-S-t1-3-DS-1-500,0,0.0208602738,0.001887815768,0.7736870256,0.8239476887,0.07844843815,0.9893686468,0.8583808343,6,10.82686865,Inf,Inf,17.53926659,0,46093,183,4.25481988,8.3
M_RQ3_SGO_t4_1,old_leaf,Maasholm,2022-05-12,24.08.2022,132,May,Spring,NA,54.687,10.007,26,4,5,Seastore_Project,SP,whole_leaf,Kiel Bay,Germany,515F-806R-P03-G01-SeaStore-Seq03-2022-M-N-SGR-t0-3,1183F-1443R-P03-G01-SeaStore-Seq03-2022-M-N-SGR-t0-3,0,0.0208602738,0.001887815768,0.7736870256,0.8239476887,0.07844843815,0.9893686468,0.8583808343,6,10.82686865,Inf,Inf,17.53926659,0,11196,81,3.075959756,13.3
M_RQ4_SGO_t4_1,old_leaf,Maasholm,2022-05-12,24.08.2022,132,May,Spring,NA,54.687,10.007,32,4,5,Seastore_Project,SP,whole_leaf,Kiel Bay,Germany,515F-806R-P03-G03-SeaStore-Seq03-2022-M-RQ4-S-t1-3-DS-1-50,1183F-1443R-P03-G03-SeaStore-Seq03-2022-M-RQ4-S-t1-3-DS-1-50,0,0.0208602738,0.001887815768,0.7736870256,0.8239476887,0.07844843815,0.9893686468,0.8583808343,6,10.82686865,Inf,Inf,17.53926659,0,23526,175,3.971457953,17
M_RQ4_SGO_t4_2,old_leaf,Maasholm,2022-05-12,21.09.2022,132,May,Spring,NA,54.687,10.007,39.2,5,5,Seastore_Project,SP,whole_leaf,Kiel Bay,Germany,515F-806R-P03-H03-SeaStore-Seq03-2022-M-RQ4-S-t1-3-DS-1-100,1183F-1443R-P03-H03-SeaStore-Seq03-2022-M-RQ4-S-t1-3-DS-1-100,0,0.0208602738,0.001887815768,0.7736870256,0.8239476887,0.07844843815,0.9893686468,0.8583808343,6,10.82686865,Inf,Inf,17.53926659,0,16175,149,3.939072974,5.76
BV2-SGY-3,young_leaf,Bökevik2,2021-07-28,24.09.2021,209,July,Summer,5,58.24901,11.44854,31,4.5,6,Germination_Experiment,GE,whole_leaf,Gasöfjord,Sweden,515F-806R-P01-B08-AB-BV2-SGY-3,1183F-1443R-P01-B08-AB-BV2-SGY-3,0.5734960261,0.7379664221,0.6093573023,0.2727588798,0.5893402279,0.723944137,0,0.001672934826,6,20.63093094,Inf,Inf,33.38567352,0,23275,5,0.8095105089,14.6
BV1-SGY-3,young_leaf,Bökevik1,2021-07-20,19.08.2021,201,July,Summer,5,58.24901,11.44854,25,4,4,Germination_Experiment,GE,whole_leaf,Gasöfjord,Sweden,515F-806R-P01-C07-AB-BV1-SGY-3,1183F-1443R-P01-C07-AB-BV1-SGY-3,0.5734960261,0.7379664221,0.6093573023,0.2727588798,0.5893402279,0.723944137,0,0.001672934826,6,20.22155594,Inf,Inf,33.03594589,0,6417,10,1.297429324,12.2
BV3-SGO-3,old_leaf,Bökevik3,2021-08-02,16.11.2021,214,August,Summer,5,58.24901,11.44854,102,6,4,Germination_Experiment,GE,whole_leaf,Gasöfjord,Sweden,515F-806R-P01-C08-AB-BV3-SGO-3,1183F-1443R-P01-C08-AB-BV3-SGO-3,0.5734960261,0.7379664221,0.6093573023,0.2727588798,0.5893402279,0.723944137,0,0.001672934826,6,20.13874345,Inf,Inf,33.38567352,0,90385,4,0.6281921477,Inf
BV2-SGO-3,old_leaf,Bökevik2,2021-07-28,24.09.2021,209,July,Summer,5,58.24901,11.44854,149,6,4,Germination_Experiment,GE,whole_leaf,Gasöfjord,Sweden,515F-806R-P01-F07-AB-BV2-SGO-3,1183F-1443R-P01-F07-AB-BV2-SGO-3,0.5734960261,0.7379664221,0.6093573023,0.2727588798,0.5893402279,0.723944137,0,0.001672934826,6,20.63093094,Inf,Inf,33.38567352,0,14899,12,0.9755855707,43
BV4-SGO-3,old_leaf,Bökevik4,2021-08-11,01.10.2021,223,August,Summer,5,58.24901,11.44854,66,5,4,Germination_Experiment,GE,whole_leaf,Gasöfjord,Sweden,515F-806R-P01-H08-AB-BV4-SGO-3,1183F-1443R-P01-H08-AB-BV4-SGO-3,0.5734960261,0.7379664221,0.6093573023,0.2727588798,0.5893402279,0.723944137,0,0.001672934826,6,19.37499346,Inf,Inf,32.42298508,0,111946,5,0.6251926957,Inf
B1,whole plant,klosterloch,2015-08-26,21.04.2016,238,August,Summer,2.5,54.57827,13.12357,135,4.5,4,Hiddensee_Study,HS,swabbing,Western Pomerania Lagoon National Park,Germany,515YF-B806R-B1,1183F-1443R-B1,0.2124443965,0.03153598501,0.09411097785,0.03344235454,0.008723046203,0.3930127317,0.2042955142,0.03296892258,7,17.65194663,0.04566925113,0.762565565,9.663183212,-2.52,60250,151,3.485278861,2.93
B10,whole plant,faehrinsel,2015-08-27,19.05.2016,239,August,Summer,3,54.55705,13.13677,95,3.5,4,Hiddensee_Study,HS,swabbing,Western Pomerania Lagoon National Park,Germany,515YF-B806R-B10,1183F-1443R-B10,0.5327820822,0.06204521161,0.04712930454,0.07488998895,0.04611269896,0.4035556033,0.1122907671,0.09251557747,8,17.74228517,0.04729419822,0.3578381553,9.559998512,-2.47,47255,137,3.435641873,1.4
B2,whole plant,klosterloch,2015-08-26,11.01.2016,238,August,Summer,2.5,54.57827,13.12357,135,4.5,5,Hiddensee_Study,HS,swabbing,Western Pomerania Lagoon National Park,Germany,515YF-B806R-B2,1183F-1443R-B2,0.2124443965,0.03153598501,0.09411097785,0.03344235454,0.008723046203,0.3930127317,0.2042955142,0.03296892258,7,17.65194663,0.04566925113,0.762565565,9.663183212,-2.52,46237,137,3.429359765,3.62
B3,whole plant,klosterloch,2015-08-26,07.01.2016,238,August,Summer,2.5,54.57827,13.12357,105,4,5,Hiddensee_Study,HS,swabbing,Western Pomerania Lagoon National Park,Germany,515YF-B806R-B3,1183F-1443R-B3,0.2124443965,0.03153598501,0.09411097785,0.03344235454,0.008723046203,0.3930127317,0.2042955142,0.03296892258,7,17.65194663,0.04566925113,0.762565565,9.663183212,-2.52,58497,169,3.711429749,4.36
B4,whole plant,klosterloch,2015-08-26,02.11.2015,238,August,Summer,2.5,54.57827,13.12357,110,4,4,Hiddensee_Study,HS,swabbing,Western Pomerania Lagoon National Park,Germany,515YF-B806R-B4,1183F-1443R-B4,0.2124443965,0.03153598501,0.09411097785,0.03344235454,0.008723046203,0.3930127317,0.2042955142,0.03296892258,7,17.65194663,0.04566925113,0.762565565,9.663183212,-2.52,22459,168,3.756322429,2.63
B5,whole plant,klosterloch,2015-08-26,02.05.2016,238,August,Summer,2.5,54.57827,13.12357,110,5,4,Hiddensee_Study,HS,swabbing,Western Pomerania Lagoon National Park,Germany,515YF-B806R-B5,1183F-1443R-B5,0.2124443965,0.03153598501,0.09411097785,0.03344235454,0.008723046203,0.3930127317,0.2042955142,0.03296892258,7,17.65194663,0.04566925113,0.762565565,9.663183212,-2.52,33987,122,3.135650418,4.04
B6,whole plant,faehrinsel,2015-08-27,18.05.2016,239,August,Summer,3,54.55705,13.13677,90,4,4,Hiddensee_Study,HS,swabbing,Western Pomerania Lagoon National Park,Germany,515YF-B806R-B6,1183F-1443R-B6,0.5327820822,0.06204521161,0.04712930454,0.07488998895,0.04611269896,0.4035556033,0.1122907671,0.09251557747,8,17.74228517,0.04729419822,0.3578381553,9.559998512,-2.47,66650,143,3.374037647,0.608
B7,whole plant,faehrinsel,2015-08-27,19.05.2016,239,August,Summer,3,54.55705,13.13677,115,3.5,5,Hiddensee_Study,HS,swabbing,Western Pomerania Lagoon National Park,Germany,515YF-B806R-B7,1183F-1443R-B7,0.5327820822,0.06204521161,0.04712930454,0.07488998895,0.04611269896,0.4035556033,0.1122907671,0.09251557747,8,17.74228517,0.04729419822,0.3578381553,9.559998512,-2.47,33121,90,2.955145426,0.592
B8,whole plant,faehrinsel,2015-08-27,19.05.2016,239,August,Summer,3,54.55705,13.13677,94,4,4,Hiddensee_Study,HS,swabbing,Western Pomerania Lagoon National Park,Germany,515YF-B806R-B8,1183F-1443R-B8,0.5327820822,0.06204521161,0.04712930454,0.07488998895,0.04611269896,0.4035556033,0.1122907671,0.09251557747,8,17.74228517,0.04729419822,0.3578381553,9.559998512,-2.47,25075,130,3.283479758,0.816
B9,whole plant,faehrinsel,2015-08-27,19.05.2016,239,August,Summer,3,54.55705,13.13677,125,4.5,5,Hiddensee_Study,HS,swabbing,Western Pomerania Lagoon National Park,Germany,515YF-B806R-B9,1183F-1443R-B9,0.5327820822,0.06204521161,0.04712930454,0.07488998895,0.04611269896,0.4035556033,0.1122907671,0.09251557747,8,17.74228517,0.04729419822,0.3578381553,9.559998512,-2.47,68888,175,3.811154662,1.59
L1,whole plant,libben1,2015-08-28,10.05.2016,240,August,Summer,3.9,54.60116,13.15891,65,3,5,Hiddensee_Study,HS,swabbing,Western Pomerania Lagoon National Park,Germany,515YF-B806R-L1,1183F-1443R-L1,0.316677413,0,0.1690448088,7.99E-05,0.125177993,0.5318860992,0.2204788525,0.1014926466,6,17.6412435,0.05494452455,0.6654866661,9.704210281,-4.47,45526,24,0.7034272118,1.15
L10,whole plant,libben2,2015-08-31,02.11.2015,243,August,Summer,5,54.59808,13.21117,46,2.5,4,Hiddensee_Study,HS,swabbing,Western Pomerania Lagoon National Park,Germany,515YF-B806R-L10,1183F-1443R-L10,0.7186035441,0.009755367372,0.3838950102,0,0.387197847,0.7087415878,0.1762490766,0.1973664416,6,17.63026136,0.02142209078,0.5689671152,9.358337402,-4.19,31871,27,0.8211824077,0.636
L2,whole plant,libben1,2015-08-28,18.05.2016,240,August,Summer,3.9,54.60116,13.15891,67,3,5,Hiddensee_Study,HS,swabbing,Western Pomerania Lagoon National Park,Germany,515YF-B806R-L2,1183F-1443R-L2,0.316677413,0,0.1690448088,7.99E-05,0.125177993,0.5318860992,0.2204788525,0.1014926466,6,17.6412435,0.05494452455,0.6654866661,9.704210281,-4.47,29036,20,0.2962970362,4.32
L3,whole plant,libben1,2015-08-28,19.05.2016,240,August,Summer,3.9,54.60116,13.15891,65,3,5,Hiddensee_Study,HS,swabbing,Western Pomerania Lagoon National Park,Germany,515YF-B806R-L3,1183F-1443R-L3,0.316677413,0,0.1690448088,7.99E-05,0.125177993,0.5318860992,0.2204788525,0.1014926466,6,17.6412435,0.05494452455,0.6654866661,9.704210281,-4.47,45567,18,0.395832903,2.6
L4,whole plant,libben1,2015-08-28,19.05.2016,240,August,Summer,3.9,54.60116,13.15891,62,3,5,Hiddensee_Study,HS,swabbing,Western Pomerania Lagoon National Park,Germany,515YF-B806R-L4,1183F-1443R-L4,0.316677413,0,0.1690448088,7.99E-05,0.125177993,0.5318860992,0.2204788525,0.1014926466,6,17.6412435,0.05494452455,0.6654866661,9.704210281,-4.47,117543,21,0.310483744,4.52
L5,whole plant,libben1,2015-08-28,19.05.2016,240,August,Summer,3.9,54.60116,13.15891,59,2.5,4,Hiddensee_Study,HS,swabbing,Western Pomerania Lagoon National Park,Germany,515YF-B806R-L5,1183F-1443R-L5,0.316677413,0,0.1690448088,7.99E-05,0.125177993,0.5318860992,0.2204788525,0.1014926466,6,17.6412435,0.05494452455,0.6654866661,9.704210281,-4.47,64406,26,0.5418008966,1.49
L6,whole plant,libben2,2015-08-31,10.05.2016,243,August,Summer,5,54.59808,13.21117,65,4,4,Hiddensee_Study,HS,swabbing,Western Pomerania Lagoon National Park,Germany,515YF-B806R-L6,1183F-1443R-L6,0.7186035441,0.009755367372,0.3838950102,0,0.387197847,0.7087415878,0.1762490766,0.1973664416,6,17.63026136,0.02142209078,0.5689671152,9.358337402,-4.19,30323,40,1.150762283,0.956
L7,whole plant,libben2,2015-08-31,21.04.2016,243,August,Summer,5,54.59808,13.21117,69,3.5,5,Hiddensee_Study,HS,swabbing,Western Pomerania Lagoon National Park,Germany,515YF-B806R-L7,1183F-1443R-L7,0.7186035441,0.009755367372,0.3838950102,0,0.387197847,0.7087415878,0.1762490766,0.1973664416,6,17.63026136,0.02142209078,0.5689671152,9.358337402,-4.19,42867,19,0.7603737411,2.55
L8,whole plant,libben2,2015-08-31,11.01.2016,243,August,Summer,5,54.59808,13.21117,73,4,4,Hiddensee_Study,HS,swabbing,Western Pomerania Lagoon National Park,Germany,515YF-B806R-L8,1183F-1443R-L8,0.7186035441,0.009755367372,0.3838950102,0,0.387197847,0.7087415878,0.1762490766,0.1973664416,6,17.63026136,0.02142209078,0.5689671152,9.358337402,-4.19,75214,16,0.6566848692,3.59
L9,whole plant,libben2,2015-08-31,07.01.2016,243,August,Summer,5,54.59808,13.21117,59,3.5,4,Hiddensee_Study,HS,swabbing,Western Pomerania Lagoon National Park,Germany,515YF-B806R-L9,1183F-1443R-L9,0.7186035441,0.009755367372,0.3838950102,0,0.387197847,0.7087415878,0.1762490766,0.1973664416,6,17.63026136,0.02142209078,0.5689671152,9.358337402,-4.19,77091,34,1.004937981,1.23
Lx1,whole plant,libbenX,2015-08-31,27.04.2016,243,August,Summer,7.1,54.61305,13.17829,64,3,4,Hiddensee_Study,HS,swabbing,Western Pomerania Lagoon National Park,Germany,515YF-B806R-Lx1,1183F-1443R-Lx1,0.5057088643,0,0.170633115,0,0.2474687732,0.5170056208,0.2169000394,0.08169582462,6,17.53807043,0.04181826829,0.5479386313,9.383497238,-6.95,49824,23,0.4712312821,1.72
Lx2,whole plant,libbenX,2015-08-31,02.05.2016,243,August,Summer,7.1,54.61305,13.17829,57,2.5,5,Hiddensee_Study,HS,swabbing,Western Pomerania Lagoon National Park,Germany,515YF-B806R-Lx2,1183F-1443R-Lx2,0.5057088643,0,0.170633115,0,0.2474687732,0.5170056208,0.2169000394,0.08169582462,6,17.53807043,0.04181826829,0.5479386313,9.383497238,-6.95,76672,35,0.8535886704,1.81
Lx3,whole plant,libbenX,2015-08-31,10.05.2016,243,August,Summer,7.1,54.61305,13.17829,59,3,5,Hiddensee_Study,HS,swabbing,Western Pomerania Lagoon National Park,Germany,515YF-B806R-Lx3,1183F-1443R-Lx3,0.5057088643,0,0.170633115,0,0.2474687732,0.5170056208,0.2169000394,0.08169582462,6,17.53807043,0.04181826829,0.5479386313,9.383497238,-6.95,34738,33,1.210366476,0.988
Lx4,whole plant,libbenX,2015-08-31,19.05.2016,243,August,Summer,7.1,54.61305,13.17829,76,3.5,4,Hiddensee_Study,HS,swabbing,Western Pomerania Lagoon National Park,Germany,515YF-B806R-Lx4,1183F-1443R-Lx4,0.5057088643,0,0.170633115,0,0.2474687732,0.5170056208,0.2169000394,0.08169582462,6,17.53807043,0.04181826829,0.5479386313,9.383497238,-6.95,30229,36,1.184439808,2.26
Lx5,whole plant,libbenX,2015-08-31,19.05.2016,243,August,Summer,7.1,54.61305,13.17829,72,3,5,Hiddensee_Study,HS,swabbing,Western Pomerania Lagoon National Park,Germany,515YF-B806R-Lx5,1183F-1443R-Lx5,0.5057088643,0,0.170633115,0,0.2474687732,0.5170056208,0.2169000394,0.08169582462,6,17.53807043,0.04181826829,0.5479386313,9.383497238,-6.95,29660,34,1.008004459,1.73
S1,whole plant,shaprode1,2015-09-01,02.05.2016,244,September,Autumn,3.4,54.51641,13.13775,100,4.5,4,Hiddensee_Study,HS,swabbing,Western Pomerania Lagoon National Park,Germany,515YF-B806R-S1,1183F-1443R-S1,0.6703081707,0.1099246269,0.1534993398,0.1411393926,0.0291234546,0.3615159456,0.02062700829,0.08298706429,8,17.50491538,0.02144445629,0.2027967987,9.161977768,-3.62,26897,123,2.665733887,0.74
S10,whole plant,shaprode2,2015-09-01,18.05.2016,244,September,Autumn,1.9,54.51144,13.14459,30,3,5,Hiddensee_Study,HS,swabbing,Western Pomerania Lagoon National Park,Germany,515YF-B806R-S10,1183F-1443R-S10,0.6647673972,0.100001361,0.2492294073,0.1608866004,0.06907340317,0.4076176493,0.01373669101,0.08473346416,8,17.50491538,0.02626282741,0.2487185871,9.161977768,-1.6,52275,197,4.050824544,1.91
S2,whole plant,shaprode1,2015-09-01,21.04.2016,244,September,Autumn,3.4,54.51641,13.13775,105,4,4,Hiddensee_Study,HS,swabbing,Western Pomerania Lagoon National Park,Germany,515YF-B806R-S2,1183F-1443R-S2,0.6703081707,0.1099246269,0.1534993398,0.1411393926,0.0291234546,0.3615159456,0.02062700829,0.08298706429,8,17.50491538,0.02144445629,0.2027967987,9.161977768,-3.62,28046,125,3.085015037,0.496
S3,whole plant,shaprode1,2015-09-01,11.01.2016,244,September,Autumn,3.4,54.51641,13.13775,100,4,4,Hiddensee_Study,HS,swabbing,Western Pomerania Lagoon National Park,Germany,515YF-B806R-S3,1183F-1443R-S3,0.6703081707,0.1099246269,0.1534993398,0.1411393926,0.0291234546,0.3615159456,0.02062700829,0.08298706429,8,17.50491538,0.02144445629,0.2027967987,9.161977768,-3.62,83365,142,3.19710936,0.424
S4,whole plant,shaprode1,2015-09-01,07.01.2016,244,September,Autumn,3.4,54.51641,13.13775,105,5,4,Hiddensee_Study,HS,swabbing,Western Pomerania Lagoon National Park,Germany,515YF-B806R-S4,1183F-1443R-S4,0.6703081707,0.1099246269,0.1534993398,0.1411393926,0.0291234546,0.3615159456,0.02062700829,0.08298706429,8,17.50491538,0.02144445629,0.2027967987,9.161977768,-3.62,59473,145,3.046757333,0.652
S5,whole plant,shaprode1,2015-09-01,02.11.2015,244,September,Autumn,3.4,54.51641,13.13775,105,5,4,Hiddensee_Study,HS,swabbing,Western Pomerania Lagoon National Park,Germany,515YF-B806R-S5,1183F-1443R-S5,0.6703081707,0.1099246269,0.1534993398,0.1411393926,0.0291234546,0.3615159456,0.02062700829,0.08298706429,8,17.50491538,0.02144445629,0.2027967987,9.161977768,-3.62,24163,153,3.262960183,1.32
S6,whole plant,shaprode2,2015-09-01,27.04.2016,244,September,Autumn,1.9,54.51144,13.14459,25,2.5,4,Hiddensee_Study,HS,swabbing,Western Pomerania Lagoon National Park,Germany,515YF-B806R-S6,1183F-1443R-S6,0.6647673972,0.100001361,0.2492294073,0.1608866004,0.06907340317,0.4076176493,0.01373669101,0.08473346416,8,17.50491538,0.02626282741,0.2487185871,9.161977768,-1.6,29034,194,4.299629372,0.488
S7,whole plant,shaprode2,2015-09-01,27.04.2016,244,September,Autumn,1.9,54.51144,13.14459,29,3,4,Hiddensee_Study,HS,swabbing,Western Pomerania Lagoon National Park,Germany,515YF-B806R-S7,1183F-1443R-S7,0.6647673972,0.100001361,0.2492294073,0.1608866004,0.06907340317,0.4076176493,0.01373669101,0.08473346416,8,17.50491538,0.02626282741,0.2487185871,9.161977768,-1.6,75208,171,3.679890863,0.684
S8,whole plant,shaprode2,2015-09-01,02.05.2016,244,September,Autumn,1.9,54.51144,13.14459,30,3,5,Hiddensee_Study,HS,swabbing,Western Pomerania Lagoon National Park,Germany,515YF-B806R-S8,1183F-1443R-S8,0.6647673972,0.100001361,0.2492294073,0.1608866004,0.06907340317,0.4076176493,0.01373669101,0.08473346416,8,17.50491538,0.02626282741,0.2487185871,9.161977768,-1.6,50858,199,4.085821232,1.06
S9,whole plant,shaprode2,2015-09-01,10.05.2016,244,September,Autumn,1.9,54.51144,13.14459,34,3,5,Hiddensee_Study,HS,swabbing,Western Pomerania Lagoon National Park,Germany,515YF-B806R-S9,1183F-1443R-S9,0.6647673972,0.100001361,0.2492294073,0.1608866004,0.06907340317,0.4076176493,0.01373669101,0.08473346416,8,17.50491538,0.02626282741,0.2487185871,9.161977768,-1.6,30169,160,3.729868489,1.71
H4-SGO-1,old_leaf,Libben,2020-07-14,30.11.2020,196,July,Summer,3.1,54.60076,13.15375,45,4,6,Salinity_Gradient,SG,whole_leaf,Western Pomerania Lagoon National Park,Germany,515F-806R-EMP2016-P03-A06-H4-SGO-1,1183F-1443R-P10-A06-H4-SGO-1,0.269957288,1.59E-04,0.1516907434,0.002518105471,0.1058650661,0.5324620556,0.2223459853,0.09149148359,6,17.64567059,0.08236506475,0.6804461776,15.91043377,-3.42,17862,14,0.6929477317,4.25
B4-SGO-3,old_leaf,Lubmin,2020-09-18,15.12.2020,262,September,Autumn,2.15,54.6,13.60262,110,3,4,Salinity_Gradient,SG,whole_leaf,Western Pomerania Lagoon National Park,Germany,515F-806R-EMP2016-P03-B05-B4-SGO-3,1183F-1443R-P10-B05-B4-SGO-3,8.69E-04,0,0,0,0.6448368539,0.3820473042,0.7952886331,0.1845391159,4,17.20557685,0.001561914437,0.03547615177,15.34878635,-23.27,7740,43,1.76623121,6732
H4-SGY-1,young_leaf,Libben,2020-07-14,30.11.2020,196,July,Summer,3.1,54.60076,13.15375,46,NA,NA,Salinity_Gradient,SG,whole_leaf,Western Pomerania Lagoon National Park,Germany,515F-806R-EMP2016-P03-C06-H4-SGY-1,1183F-1443R-P10-C06-H4-SGY-1,0.269957288,1.59E-04,0.1516907434,0.002518105471,0.1058650661,0.5324620556,0.2223459853,0.09149148359,6,17.64567059,0.08236506475,0.6804461776,15.91043377,-3.42,26863,15,0.7098547792,2.82
B4-SGY-3,young_leaf,Lubmin,2020-09-18,15.12.2020,262,September,Autumn,2.15,54.6,13.60262,136,4,NA,Salinity_Gradient,SG,whole_leaf,Western Pomerania Lagoon National Park,Germany,515F-806R-EMP2016-P03-D05-B4-SGY-3,1183F-1443R-P10-D05-B4-SGY-3,8.69E-04,0,0,0,0.6448368539,0.3820473042,0.7952886331,0.1845391159,4,17.20557685,0.001561914437,0.03547615177,15.34878635,-23.27,48732,17,0.5222344058,4.57
H1-SGO-1,old_leaf,Schaprode1,2020-07-14,11.12.2020,196,July,Summer,2.7,54.5145,13.13869,50,4,5,Salinity_Gradient,SG,whole_leaf,Western Pomerania Lagoon National Park,Germany,515F-806R-EMP2016-P03-E05-H1-SGO-1,1183F-1443R-P10-E05-H1-SGO-1,0.6599400676,0.1098827803,0.1769239631,0.1458160983,0.04093230663,0.3705014637,0.02015691083,0.08103222646,8,18.11374349,0.08046634962,0.5722182815,10.75862217,-2.08,5865,24,1.310940307,3.47
KF-SGO-5,old_leaf,Falckenstein,2020-06-23,13.01.2021,175,June,Summer,2.9,54.39403,10.1915,92,NA,NA,Salinity_Gradient,SG,whole_leaf,KielFjord,Germany,515F-806R-EMP2016-P03-F06-KF-SGO-5,1183F-1443R-P10-F06-KF-SGO-5,0.930868634,0.179602049,0.01689716125,0.8610475315,0.90550209,0.975945308,0.8253540697,0.9992736079,8,15.93086854,0.003045098237,0.1419216493,16.82980537,-1.55,10169,47,2.433446242,6464
H1-SGY-1,young_leaf,Schaprode1,2020-07-14,07.10.2020,196,July,Summer,2.7,54.5145,13.13869,60,NA,NA,Salinity_Gradient,SG,whole_leaf,Western Pomerania Lagoon National Park,Germany,515F-806R-EMP2016-P03-G05-H1-SGY-1,1183F-1443R-P10-G05-H1-SGY-1,0.6599400676,0.1098827803,0.1769239631,0.1458160983,0.04093230663,0.3705014637,0.02015691083,0.08103222646,8,18.11374349,0.08046634962,0.5722182815,10.75862217,-2.08,1353,8,0.6952361197,2.7
KH-SGO-1,old_leaf,Heidkate,2020-06-24,30.11.2020,176,June,Summer,1.75,54.43638,10.32349,37,4,7,Salinity_Gradient,SG,whole_leaf,KielFjord,Germany,515F-806R-EMP2016-P03-A08-KH-SGO-1,1183F-1443R-P11-A08-KH-SGO-1,0.3283797145,0.002310694212,0.004850210791,0.004901868333,1,1,0.9656803393,0.2075794866,5,16.25399353,0.01514752857,0.2619116025,17.08588219,-1.73,10260,24,1.441691088,8.65
KF-YPL-4d,young_leaf,Falckenstein,2020-06-23,14.01.2021,175,June,Summer,2.9,54.39403,10.1915,50,3,NA,Salinity_Gradient,SG,whole_leaf,KielFjord,Germany,515F-806R-EMP2016-P03-B07-KF-YPL-4d,1183F-1443R-P11-B07-KF-YPL-4d,0.930868634,0.179602049,0.01689716125,0.8610475315,0.90550209,0.975945308,0.8253540697,0.9992736079,8,15.93086854,0.003045098237,0.1419216493,16.82980537,-1.55,34473,60,2.261538395,3.39
PO-SGO-2,old_leaf,Poel,2020-06-24,28.01.2021,176,June,Summer,1,54.01201,11.41474,28,4,10,Salinity_Gradient,SG,whole_leaf,Mecklenburg Bay,Germany,515F-806R-EMP2016-P03-B09-PO-SGO-2,1183F-1443R-P11-B09-PO-SGO-2,0.6682993354,0.001315385263,0.05924178557,0.00112990625,0.6947866448,0.7681326561,0.5812562561,0.01029864176,6,16.50280603,0.0599828007,0.4817838935,13.69658279,-0.27,17210,75,2.668038401,7232
KF-YPL-3d,young_leaf,Falckenstein,2020-06-23,14.01.2021,175,June,Summer,2.9,54.39403,10.1915,NA,NA,NA,Salinity_Gradient,SG,whole_leaf,KielFjord,Germany,515F-806R-EMP2016-P03-D07-KF-YPL-3d,1183F-1443R-P11-D07-KF-YPL-3d,0.930868634,0.179602049,0.01689716125,0.8610475315,0.90550209,0.975945308,0.8253540697,0.9992736079,8,15.93086854,0.003045098237,0.1419216493,16.82980537,-1.55,48653,75,2.519008887,1.91
PO-SGY-2,young_leaf,Poel,2020-06-24,08.09.2020,176,June,Summer,1,54.01201,11.41474,22,5,14,Salinity_Gradient,SG,whole_leaf,Mecklenburg Bay,Germany,515F-806R-EMP2016-P03-D09-PO-SGY-2,1183F-1443R-P11-D09-PO-SGY-2,0.6682993354,0.001315385263,0.05924178557,0.00112990625,0.6947866448,0.7681326561,0.5812562561,0.01029864176,6,16.50280603,0.0599828007,0.4817838935,13.69658279,-0.27,1610,20,1.727488686,0.117
KB-SGO-1,old_leaf,Badeanstalt,2020-06-23,15.12.2020,175,June,Summer,2.4,54.34957,10.14897,37,5,NA,Salinity_Gradient,SG,whole_leaf,KielFjord,Germany,515F-806R-EMP2016-P03-E07-KB-SGO-1,1183F-1443R-P11-E07-KB-SGO-1,0.9190311704,0.8869186885,0.3594289057,0.9988093611,0.9898999704,0.9707121362,1,1,8,NA,2.06E-05,6.34E-04,15.41676521,-2.97,23516,30,1.859981287,5.6
NM-SGO-3,old_leaf,HamburgerHallig,2020-09-05,12.01.2021,249,September,Autumn,0.2,54.59842,8.81173,NA,NA,NA,Salinity_Gradient,SG,whole_leaf,NorthSea,Germany,515F-806R-EMP2016-P03-E08-NM-SGO-3,1183F-1443R-P11-E08-NM-SGO-3,NA,NA,NA,NA,NA,NA,NA,NA,NA,NA,NA,NA,NA,NA,69912,14,0.379408582,6.16
RO-SGO-1,old_leaf,Warnemunde,2020-06-18,15.12.2020,170,June,Summer,2,54.17952,12.10381,57,5,5,Salinity_Gradient,SG,whole_leaf,Mecklenburg Bay,Germany,515F-806R-EMP2016-P03-E09-RO-SGO-1,1183F-1443R-P11-E09-RO-SGO-1,0.9683055729,0,0.2949406886,0.005939448041,0.9114081862,0.9695798112,0.9835110745,0.4741017395,6,13.78784081,0.03225675469,0.240994879,15.233922,-3.74,9235,30,1.561127122,1.9
KB-SGY-1,young_leaf,Badeanstalt,2020-06-23,14.12.2020,175,June,Summer,2.4,54.34957,10.14897,56,3,NA,Salinity_Gradient,SG,whole_leaf,KielFjord,Germany,515F-806R-EMP2016-P03-G07-KB-SGY-1,1183F-1443R-P11-G07-KB-SGY-1,0.9190311704,0.8869186885,0.3594289057,0.9988093611,0.9898999704,0.9707121362,1,1,8,NA,2.06E-05,6.34E-04,15.41676521,-2.97,28783,27,1.717594219,2.23
NM-SGY-3,young_leaf,HamburgerHallig,2020-09-05,07.12.2020,249,September,Autumn,0.2,54.59842,8.81173,NA,NA,NA,Salinity_Gradient,SG,whole_leaf,NorthSea,Germany,515F-806R-EMP2016-P03-G08-NM-SGY-3,1183F-1443R-P11-G08-NM-SGY-3,NA,NA,NA,NA,NA,NA,NA,NA,NA,NA,NA,NA,NA,NA,32560,6,0.1712164402,8.36
RO-SGY-1,young_leaf,Warnemunde,2020-06-18,15.12.2020,170,June,Summer,2,54.17952,12.10381,57,3,NA,Salinity_Gradient,SG,whole_leaf,Mecklenburg Bay,Germany,515F-806R-EMP2016-P03-G09-RO-SGY-1,1183F-1443R-P11-G09-RO-SGY-1,0.9683055729,0,0.2949406886,0.005939448041,0.9114081862,0.9695798112,0.9835110745,0.4741017395,6,13.78784081,0.03225675469,0.240994879,15.233922,-3.74,2857,17,1.268898417,0.54
SR1-SGO-3,old_leaf,Having,2020-07-17,16.12.2020,199,July,Summer,2.4,54.34864,13.67622,102,3,5,Salinity_Gradient,SG,whole_leaf,Greifswald Bay,Germany,515F-806R-EMP2016-P03-A10-SR1-SGO-3,1183F-1443R-P12-A10-SR1-SGO-3,0.204096383,0.1365390832,0.1071846707,0.6247895057,0.08840759645,0.1851334911,0.02411031614,0.4984986445,8,18.04655599,0.02027305004,0.2446382471,8.38737011,-2.72,2067,24,2.049638614,5.24
V1-SGO-3,old_leaf,Vilm1,2020-07-13,16.12.2020,195,July,Summer,1.65,54.31494,13.51433,57,2,NA,Salinity_Gradient,SG,whole_leaf,Mecklenburg Bay,Germany,515F-806R-EMP2016-P03-G10-V1-SGO-3,1183F-1443R-P12-G10-V1-SGO-3,0.1072411627,0.9499739093,0.8452534982,0.9291821373,0,0,0.1547641,0.5900973459,6,19.37436846,0.01223278855,0.1917072702,7.14384079,-2.2,6273,24,1.796970836,1.65
GH2-SGO-4,old_leaf,Klosterloch,2019-07-22,20.02.2020,203,July,Summer,2.6,54.5787,13.12525,70,5,4,Seagrass_Vibrio,SV,whole_leaf,Western Pomerania Lagoon National Park,Germany,515F-806R-EMP2016-GH2-SGO-4,1183F-1443R-GH2-SGO-4,0.2163188954,0.03038162416,0.09634998025,0.03489344504,0.01033068707,0.4078981913,0.2035806767,0.0360828576,8,17.15702476,0.03005030616,0.7643322026,16.31298447,-2.65,1444,35,2.779433922,5.36
GH8-SGO-1,old_leaf,Rassower_Strom,2019-07-23,20.02.2020,204,July,Summer,3.4,54.56988,13.22657,85,4.5,5,Seagrass_Vibrio,SV,whole_leaf,Western Pomerania Lagoon National Park,Germany,515F-806R-EMP2016-GH8-SGO-1,1183F-1443R-GH8-SGO-1,0.636621534,0.09733196089,0.6331667964,0.004373562666,0.6236403764,0.9144915502,0.2386168538,0.2681354211,7,17.28561851,0.007976640847,0.0891595355,13.03911304,-2.99,10208,49,1.914698874,6.9
GH8-SGO-2,old_leaf,Rassower_Strom,2019-07-23,06.02.2020,204,July,Summer,3.4,54.56988,13.22657,96,4.5,5,Seagrass_Vibrio,SV,whole_leaf,Western Pomerania Lagoon National Park,Germany,515F-806R-EMP2016-GH8-SGO-2,1183F-1443R-GH8-SGO-2,0.636621534,0.09733196089,0.6331667964,0.004373562666,0.6236403764,0.9144915502,0.2386168538,0.2681354211,7,17.28561851,0.007976640847,0.0891595355,13.03911304,-2.99,26768,72,2.389283291,4.66
GH8-SGO-3,old_leaf,Rassower_Strom,2019-07-23,17.02.2020,204,July,Summer,3.4,54.56988,13.22657,82,5,4,Seagrass_Vibrio,SV,swabbing,Western Pomerania Lagoon National Park,Germany,515F-806R-EMP2016-GH8-SGO-3,1183F-1443R-GH8-SGO-3,0.636621534,0.09733196089,0.6331667964,0.004373562666,0.6236403764,0.9144915502,0.2386168538,0.2681354211,7,17.28561851,0.007976640847,0.0891595355,13.03911304,-2.99,27846,49,1.983856032,1.65
GH8-SGO-4,old_leaf,Rassower_Strom,2019-07-23,20.02.2020,204,July,Summer,3.4,54.56988,13.22657,57,4,3,Seagrass_Vibrio,SV,whole_leaf,Western Pomerania Lagoon National Park,Germany,515F-806R-EMP2016-GH8-SGO-4,1183F-1443R-GH8-SGO-4,0.636621534,0.09733196089,0.6331667964,0.004373562666,0.6236403764,0.9144915502,0.2386168538,0.2681354211,7,17.28561851,0.007976640847,0.0891595355,13.03911304,-2.99,7968,17,0.6482361104,2.16
GH8-SGY-1,young_leaf,Rassower_Strom,2019-07-23,20.02.2020,204,July,Summer,3.4,54.56988,13.22657,85,4.5,5,Seagrass_Vibrio,SV,whole_leaf,Western Pomerania Lagoon National Park,Germany,515F-806R-EMP2016-GH8-SGY-1,1183F-1443R-GH8-SGY-1,0.636621534,0.09733196089,0.6331667964,0.004373562666,0.6236403764,0.9144915502,0.2386168538,0.2681354211,7,17.28561851,0.007976640847,0.0891595355,13.03911304,-2.99,2435,27,1.973856175,1.59
GH8-SGY-2,young_leaf,Rassower_Strom,2019-07-23,17.02.2020,204,July,Summer,3.4,54.56988,13.22657,96,4.5,5,Seagrass_Vibrio,SV,swabbing,Western Pomerania Lagoon National Park,Germany,515F-806R-EMP2016-GH8-SGY-2,1183F-1443R-GH8-SGY-2,0.636621534,0.09733196089,0.6331667964,0.004373562666,0.6236403764,0.9144915502,0.2386168538,0.2681354211,7,17.28561851,0.007976640847,0.0891595355,13.03911304,-2.99,13094,40,1.872470492,0.49
GH8-SGY-3,young_leaf,Rassower_Strom,2019-07-23,06.02.2020,204,July,Summer,3.4,54.56988,13.22657,82,5,4,Seagrass_Vibrio,SV,whole_leaf,Western Pomerania Lagoon National Park,Germany,515F-806R-EMP2016-GH8-SGY-3,1183F-1443R-GH8-SGY-3,0.636621534,0.09733196089,0.6331667964,0.004373562666,0.6236403764,0.9144915502,0.2386168538,0.2681354211,7,17.28561851,0.007976640847,0.0891595355,13.03911304,-2.99,20309,86,3.074449315,5.9
GH8-SGY-4,young_leaf,Rassower_Strom,2019-07-23,20.02.2020,204,July,Summer,3.4,54.56988,13.22657,57,4,3,Seagrass_Vibrio,SV,whole_leaf,Western Pomerania Lagoon National Park,Germany,515F-806R-EMP2016-GH8-SGY-4,1183F-1443R-GH8-SGY-4,0.636621534,0.09733196089,0.6331667964,0.004373562666,0.6236403764,0.9144915502,0.2386168538,0.2681354211,7,17.28561851,0.007976640847,0.0891595355,13.03911304,-2.99,3291,36,2.247583966,1.92
GH9-SGO-1,old_leaf,Leuchtturm,2019-07-23,18.02.2020,204,July,Summer,3,54.58645,13.16232,43,2,3.5,Seagrass_Vibrio,SV,whole_leaf,Western Pomerania Lagoon National Park,Germany,515F-806R-EMP2016-GH9-SGO-1,1183F-1443R-GH9-SGO-1,0.3461684254,3.93E-06,0.1789074275,0.03916704749,0.1473184146,0.6276371677,0.1664379342,0.1273295088,7,17.20579708,0.009215817616,0.205342415,16.31298447,-3.46,22834,22,1.525335082,1.5
GH9-SGO-2,old_leaf,Leuchtturm,2019-07-23,19.02.2020,204,July,Summer,3,54.58645,13.16232,51,3.5,5.5,Seagrass_Vibrio,SV,whole_leaf,Western Pomerania Lagoon National Park,Germany,515F-806R-EMP2016-GH9-SGO-2,1183F-1443R-GH9-SGO-2,0.3461684254,3.93E-06,0.1789074275,0.03916704749,0.1473184146,0.6276371677,0.1664379342,0.1273295088,7,17.20579708,0.009215817616,0.205342415,16.31298447,-3.46,104923,16,0.709049315,3.64
GH9-SGO-3,old_leaf,Leuchtturm,2019-07-23,19.02.2020,204,July,Summer,3,54.58645,13.16232,36,2,4.5,Seagrass_Vibrio,SV,whole_leaf,Western Pomerania Lagoon National Park,Germany,515F-806R-EMP2016-GH9-SGO-3,1183F-1443R-GH9-SGO-3,0.3461684254,3.93E-06,0.1789074275,0.03916704749,0.1473184146,0.6276371677,0.1664379342,0.1273295088,7,17.20579708,0.009215817616,0.205342415,16.31298447,-3.46,7295,21,1.601340999,0.784
GH9-SGO-4,old_leaf,Leuchtturm,2019-07-23,20.02.2020,204,July,Summer,3,54.58645,13.16232,57,3,4,Seagrass_Vibrio,SV,whole_leaf,Western Pomerania Lagoon National Park,Germany,515F-806R-EMP2016-GH9-SGO-4,1183F-1443R-GH9-SGO-4,0.3461684254,3.93E-06,0.1789074275,0.03916704749,0.1473184146,0.6276371677,0.1664379342,0.1273295088,7,17.20579708,0.009215817616,0.205342415,16.31298447,-3.46,23508,27,1.658619091,1.91
GH9-SGY-1,young_leaf,Leuchtturm,2019-07-23,18.02.2020,204,July,Summer,3,54.58645,13.16232,43,2,3.5,Seagrass_Vibrio,SV,whole_leaf,Western Pomerania Lagoon National Park,Germany,515F-806R-EMP2016-GH9-SGY-1,1183F-1443R-GH9-SGY-1,0.3461684254,3.93E-06,0.1789074275,0.03916704749,0.1473184146,0.6276371677,0.1664379342,0.1273295088,7,17.20579708,0.009215817616,0.205342415,16.31298447,-3.46,27347,24,1.702275985,1.58
GH9-SGY-2,young_leaf,Leuchtturm,2019-07-23,19.02.2020,204,July,Summer,3,54.58645,13.16232,51,3.5,5.5,Seagrass_Vibrio,SV,whole_leaf,Western Pomerania Lagoon National Park,Germany,515F-806R-EMP2016-GH9-SGY-2,1183F-1443R-GH9-SGY-2,0.3461684254,3.93E-06,0.1789074275,0.03916704749,0.1473184146,0.6276371677,0.1664379342,0.1273295088,7,17.20579708,0.009215817616,0.205342415,16.31298447,-3.46,12324,28,2.119806017,0.732
GH9-SGY-3,young_leaf,Leuchtturm,2019-07-23,19.02.2020,204,July,Summer,3,54.58645,13.16232,36,2,4.5,Seagrass_Vibrio,SV,whole_leaf,Western Pomerania Lagoon National Park,Germany,515F-806R-EMP2016-GH9-SGY-3,1183F-1443R-GH9-SGY-3,0.3461684254,3.93E-06,0.1789074275,0.03916704749,0.1473184146,0.6276371677,0.1664379342,0.1273295088,7,17.20579708,0.009215817616,0.205342415,16.31298447,-3.46,4614,66,2.700533218,4.54
GH9-SGY-4,young_leaf,Leuchtturm,2019-07-23,20.02.2020,204,July,Summer,3,54.58645,13.16232,57,3,4,Seagrass_Vibrio,SV,whole_leaf,Western Pomerania Lagoon National Park,Germany,515F-806R-EMP2016-GH9-SGY-4,1183F-1443R-GH9-SGY-4,0.3461684254,3.93E-06,0.1789074275,0.03916704749,0.1473184146,0.6276371677,0.1664379342,0.1273295088,7,17.20579708,0.009215817616,0.205342415,16.31298447,-3.46,8194,24,2.010483666,2.7
GLO-SGO-1,old_leaf,Loissin,2019-06-11,18.02.2020,162,June,Summer,2.65,54.1388,13.5325,29,4,NA,Seagrass_Vibrio,SV,whole_leaf,Greifswald Bay,Germany,515F-806R-EMP2016-GLO-SGO-1,1183F-1443R-GLO-SGO-1,0.5744111019,0,0,0,0.9971148706,0.9948142814,0.8908047927,0.3616549396,5,16.22305603,0.003084285034,0.03844454337,7.010326862,-2.74,3817,23,2.200238777,1.85
GLO-SGO-2,old_leaf,Loissin,2019-06-11,19.02.2020,162,June,Summer,2.65,54.1388,13.5325,22,3,NA,Seagrass_Vibrio,SV,whole_leaf,Greifswald Bay,Germany,515F-806R-EMP2016-GLO-SGO-2,1183F-1443R-GLO-SGO-2,0.5744111019,0,0,0,0.9971148706,0.9948142814,0.8908047927,0.3616549396,5,16.22305603,0.003084285034,0.03844454337,7.010326862,-2.74,22812,36,2.038705044,1.14
GLO-SGO-3,old_leaf,Loissin,2019-06-11,19.02.2020,162,June,Summer,2.65,54.1388,13.5325,15,2.5,NA,Seagrass_Vibrio,SV,whole_leaf,Greifswald Bay,Germany,515F-806R-EMP2016-GLO-SGO-3,1183F-1443R-GLO-SGO-3,0.5744111019,0,0,0,0.9971148706,0.9948142814,0.8908047927,0.3616549396,5,16.22305603,0.003084285034,0.03844454337,7.010326862,-2.74,45089,20,1.05553896,1.51
GLO-SGO-4,old_leaf,Loissin,2019-06-11,20.02.2020,162,June,Summer,2.65,54.1388,13.5325,22,3,NA,Seagrass_Vibrio,SV,whole_leaf,Greifswald Bay,Germany,515F-806R-EMP2016-GLO-SGO-4,1183F-1443R-GLO-SGO-4,0.5744111019,0,0,0,0.9971148706,0.9948142814,0.8908047927,0.3616549396,5,16.22305603,0.003084285034,0.03844454337,7.010326862,-2.74,40192,45,1.514461315,8.92
GLO-SGY-3,young_leaf,Loissin,2019-06-11,19.02.2020,162,June,Summer,2.65,54.1388,13.5325,15,2.5,NA,Seagrass_Vibrio,SV,whole_leaf,Greifswald Bay,Germany,515F-806R-EMP2016-GLO-SGY-3,1183F-1443R-GLO-SGY-3,0.5744111019,0,0,0,0.9971148706,0.9948142814,0.8908047927,0.3616549396,5,16.22305603,0.003084285034,0.03844454337,7.010326862,-2.74,1235,20,1.999039661,0.478
SBJ-SGO-1,old_leaf,Bjoernoe,2019-07-27,18.02.2020,208,July,Summer,3.4,59.22,18.5508,48,4,NA,Seagrass_Vibrio,SV,whole_leaf,Stockholm Archipelago,Sweden,515F-806R-EMP2016-SBJ-SGO-1,1183F-1443R-SBJ-SGO-1,0.06816778679,0.7651680514,0.2544047584,0.8077511861,0,0,0.07926076997,0.09711469396,6,16.71099352,Inf,Inf,6.190001488,0,4744,28,1.755206216,5.32
SBJ-SGO-2,old_leaf,Bjoernoe,2019-07-27,19.02.2020,208,July,Summer,3.4,59.22,18.5508,43,4,NA,Seagrass_Vibrio,SV,whole_leaf,Stockholm Archipelago,Sweden,515F-806R-EMP2016-SBJ-SGO-2,1183F-1443R-SBJ-SGO-2,0.06816778679,0.7651680514,0.2544047584,0.8077511861,0,0,0.07926076997,0.09711469396,6,16.71099352,Inf,Inf,6.190001488,0,2678,21,2.16013261,1.37
SBJ-SGO-3,old_leaf,Bjoernoe,2019-07-27,19.02.2020,208,July,Summer,3.4,59.22,18.5508,24,2.5,NA,Seagrass_Vibrio,SV,whole_leaf,Stockholm Archipelago,Sweden,515F-806R-EMP2016-SBJ-SGO-3,1183F-1443R-SBJ-SGO-3,0.06816778679,0.7651680514,0.2544047584,0.8077511861,0,0,0.07926076997,0.09711469396,6,16.71099352,Inf,Inf,6.190001488,0,4020,14,1.585982105,1.71
SBJ-SGO-4,old_leaf,Bjoernoe,2019-07-27,18.02.2020,208,July,Summer,3.4,59.22,18.5508,40,3,NA,Seagrass_Vibrio,SV,whole_leaf,Stockholm Archipelago,Sweden,515F-806R-EMP2016-SBJ-SGO-4,1183F-1443R-SBJ-SGO-4,0.06816778679,0.7651680514,0.2544047584,0.8077511861,0,0,0.07926076997,0.09711469396,6,16.71099352,Inf,Inf,6.190001488,0,6450,38,2.504385333,2.24
SBJ-SGY-2,young_leaf,Bjoernoe,2019-07-27,19.02.2020,208,July,Summer,3.4,59.22,18.5508,43,4,NA,Seagrass_Vibrio,SV,whole_leaf,Stockholm Archipelago,Sweden,515F-806R-EMP2016-SBJ-SGY-2,1183F-1443R-SBJ-SGY-2,0.06816778679,0.7651680514,0.2544047584,0.8077511861,0,0,0.07926076997,0.09711469396,6,16.71099352,Inf,Inf,6.190001488,0,8232,22,2.189353634,0.606
SBJ-SGY-3,young_leaf,Bjoernoe,2019-07-27,19.02.2020,208,July,Summer,3.4,59.22,18.5508,24,2.5,NA,Seagrass_Vibrio,SV,whole_leaf,Stockholm Archipelago,Sweden,515F-806R-EMP2016-SBJ-SGY-3,1183F-1443R-SBJ-SGY-3,0.06816778679,0.7651680514,0.2544047584,0.8077511861,0,0,0.07926076997,0.09711469396,6,16.71099352,Inf,Inf,6.190001488,0,8203,19,1.150298696,2.56
SBJ-SGY-4,young_leaf,Bjoernoe,2019-07-27,20.02.2020,208,July,Summer,3.4,59.22,18.5508,40,3,NA,Seagrass_Vibrio,SV,whole_leaf,Stockholm Archipelago,Sweden,515F-806R-EMP2016-SBJ-SGY-4,1183F-1443R-SBJ-SGY-4,0.06816778679,0.7651680514,0.2544047584,0.8077511861,0,0,0.07926076997,0.09711469396,6,16.71099352,Inf,Inf,6.190001488,0,12931,24,1.178970612,4.44
SHV-SGO-1,old_leaf,Herrvik,2019-09-03,17.02.2020,246,September,Autumn,2,57.4365,18.902,36,3,NA,Seagrass_Vibrio,SV,whole_leaf,Gotland,Sweden,515F-806R-EMP2016-SHV-SGO-1,1183F-1443R-SHV-SGO-1,0.007076043856,0.001575986157,0.001606391007,0.02246111104,0.1218985262,0.0713085879,0.3945969873,0.7121516713,5,18.38009765,0.02212737669,0.2755513646,7.057081699,-3.1,4325,15,0.7112644448,0.694
SHV-SGO-2,old_leaf,Herrvik,2019-09-03,17.02.2020,246,September,Autumn,2,57.4365,18.902,50,3,NA,Seagrass_Vibrio,SV,whole_leaf,Gotland,Sweden,515F-806R-EMP2016-SHV-SGO-2,1183F-1443R-SHV-SGO-2,0.007076043856,0.001575986157,0.001606391007,0.02246111104,0.1218985262,0.0713085879,0.3945969873,0.7121516713,5,18.38009765,0.02212737669,0.2755513646,7.057081699,-3.1,29633,17,0.423637099,0.288
SHV-SGO-3,old_leaf,Herrvik,2019-09-03,20.02.2020,246,September,Autumn,2,57.4365,18.902,34,2,NA,Seagrass_Vibrio,SV,whole_leaf,Gotland,Sweden,515F-806R-EMP2016-SHV-SGO-3,1183F-1443R-SHV-SGO-3,0.007076043856,0.001575986157,0.001606391007,0.02246111104,0.1218985262,0.0713085879,0.3945969873,0.7121516713,5,18.38009765,0.02212737669,0.2755513646,7.057081699,-3.1,17373,13,0.2828010859,0.57
SHV-SGO-4,old_leaf,Herrvik,2019-09-03,20.02.2020,246,September,Autumn,2,57.4365,18.902,31,2,NA,Seagrass_Vibrio,SV,whole_leaf,Gotland,Sweden,515F-806R-EMP2016-SHV-SGO-4,1183F-1443R-SHV-SGO-4,0.007076043856,0.001575986157,0.001606391007,0.02246111104,0.1218985262,0.0713085879,0.3945969873,0.7121516713,5,18.38009765,0.02212737669,0.2755513646,7.057081699,-3.1,17322,11,0.4595893924,0.95
SHV-SGY-3,young_leaf,Herrvik,2019-09-03,06.02.2020,246,September,Autumn,2,57.4365,18.902,34,2,NA,Seagrass_Vibrio,SV,whole_leaf,Gotland,Sweden,515F-806R-EMP2016-SHV-SGY-3,1183F-1443R-SHV-SGY-3,0.007076043856,0.001575986157,0.001606391007,0.02246111104,0.1218985262,0.0713085879,0.3945969873,0.7121516713,5,18.38009765,0.02212737669,0.2755513646,7.057081699,-3.1,64529,25,0.4377361045,0.41
SHV-SGY-4,young_leaf,Herrvik,2019-09-03,20.02.2020,246,September,Autumn,2,57.4365,18.902,31,2,NA,Seagrass_Vibrio,SV,whole_leaf,Gotland,Sweden,515F-806R-EMP2016-SHV-SGY-4,1183F-1443R-SHV-SGY-4,0.007076043856,0.001575986157,0.001606391007,0.02246111104,0.1218985262,0.0713085879,0.3945969873,0.7121516713,5,18.38009765,0.02212737669,0.2755513646,7.057081699,-3.1,3305,7,0.3666945959,0.164